priority,score,path,title,verticals,workflow_roles,has_howto,has_actions,has_report_capability,howto_matches,action_matches,report_matches,pain_matches,button_count,link_count,input_count
CRITICAL,100,html/az-ins/index.html,AZ Insurance Command · NPN 18818059,"healthcare, bpo, mortgage, insurance, legal, tax, noc, vendor","INTAKE / ANALYSIS, DECISION / STRATEGY, EXECUTIVE / OUTCOME, REPORT / DELIVERY, AI / COPILOT, INTAKE / DATA ENTRY",True,True,True,"how to, getting started, workflow, guide, steps","upload, import, analyze, analysis, run, review, approve, assign, escalate, resolve, generate, export, download, report, presentation, send, save, create, open, launch, start","report, export, download, pdf, presentation, summary, executive, brief, letter, package","risk, loss, exposure, exception, denial, compliance, backlog, delay, cost, revenue, sla, audit, missing, unresolved, recovery",31,2,18
CRITICAL,100,html/az-life/index.html,AZ Insurance Command · NPN 18818059,"healthcare, construction, mortgage, insurance, legal, tax, itops, vendor","INTAKE / ANALYSIS, DECISION / STRATEGY, EXECUTIVE / OUTCOME, REPORT / DELIVERY, AI / COPILOT, INTAKE / DATA ENTRY",True,True,True,"how to, guide, what to do, next step, steps","upload, import, analyze, analysis, run, review, resolve, generate, export, download, report, send, save, create, open, start","report, export, download, pdf, csv, xlsx, excel, summary, executive, letter","risk, loss, exposure, exception, denial, compliance, delay, cost, revenue, error, sla, audit, missing, recovery",39,0,24
CRITICAL,100,html/bpo-files/bpo-internal1.html,TSM BPO — Sector Workflow Hub,"healthcare, construction, bpo, mortgage, real estate, insurance, legal, schools","INTAKE / ANALYSIS, DECISION / STRATEGY, EXECUTIVE / OUTCOME, REPORT / DELIVERY, AI / COPILOT, INTAKE / DATA ENTRY",True,True,True,"workflow, guide, instructions, next step, steps","upload, import, analyze, analysis, run, execute, submit, review, approve, assign, escalate, resolve, generate, export, download, report, presentation, send, save, create, open, continue, start","report, export, download, excel, presentation, summary, executive, brief, letter, package","risk, leak, loss, exposure, exception, denial, compliance, backlog, delay, cost, revenue, failure, sla, audit",0,5,0
CRITICAL,100,html/bpo-files/bpo-scenarios-demo.html,TSM BPO Scenarios Demo — Competency Proof,"healthcare, construction, bpo, real estate, insurance, legal, finops, tax","INTAKE / ANALYSIS, DECISION / STRATEGY, EXECUTIVE / OUTCOME, REPORT / DELIVERY, INTAKE / DATA ENTRY",True,True,True,"workflow, guide, instructions","upload, import, analyze, analysis, run, submit, review, approve, resolve, generate, report, presentation, send, create, open, start","report, excel, presentation, summary, executive, brief, proposal, letter, package","risk, leak, loss, exposure, exception, denial, compliance, delay, cost, revenue, error, sla, audit, missing, unresolved, recovery, opportunity",7,1,0
CRITICAL,100,html/compliance.html,TSM Compliance Command | AI-Powered Regulatory Intelligence,"construction, insurance, legal, finance, finops, tax, itops, vendor","INTAKE / ANALYSIS, DECISION / STRATEGY, EXECUTIVE / OUTCOME, REPORT / DELIVERY, AI / COPILOT, INTAKE / DATA ENTRY",True,True,True,"how to, workflow, guide, quick start, steps","upload, import, analyze, analysis, run, review, assign, resolve, generate, export, report, send, save, create, open, launch, start","report, export, pdf, csv, xlsx, summary, executive, letter","risk, exposure, exception, compliance, overdue, delay, error, anomaly, failure, sla, audit, missing, unresolved, recovery",49,3,16
CRITICAL,100,html/construction-center.html,TSM | Construction Command,"construction, insurance, legal, finance, tax, itops, property, vendor","INTAKE / ANALYSIS, DECISION / STRATEGY, EXECUTIVE / OUTCOME, REPORT / DELIVERY, AI / COPILOT, INTAKE / DATA ENTRY",True,True,True,"how to, workflow, user guide, guide, quick start, steps","upload, import, analyze, analysis, run, review, generate, report, send, create, open, launch, start","report, pdf, csv, deck, summary, executive, brief, letter, package","risk, exposure, compliance, overdue, delay, cost, error, sla, audit, missing, recovery, opportunity",11,5,9
CRITICAL,100,html/construction-suite/construction-command-pro.html,TSM | CONSTRUCTION COMMAND,"construction, insurance, legal, finance, tax, itops, property, vendor","INTAKE / ANALYSIS, DECISION / STRATEGY, EXECUTIVE / OUTCOME, REPORT / DELIVERY, AI / COPILOT, INTAKE / DATA ENTRY",True,True,True,"how to, start here, workflow, user guide, guide, quick start, next step, steps","upload, import, analyze, analysis, run, review, assign, generate, report, send, create, open, launch, start","report, pdf, csv, deck, summary, executive, brief, letter, package","risk, exposure, compliance, overdue, delay, cost, error, sla, audit, missing, recovery, opportunity",16,9,8
CRITICAL,100,html/construction-suite/construction-command.html,TSM | CONSTRUCTION COMMAND,"construction, insurance, legal, finance, tax, itops, property, vendor","INTAKE / ANALYSIS, DECISION / STRATEGY, EXECUTIVE / OUTCOME, REPORT / DELIVERY, AI / COPILOT, INTAKE / DATA ENTRY",True,True,True,"how to, start here, workflow, user guide, guide, quick start, next step, steps","upload, import, analyze, analysis, run, review, assign, generate, report, send, create, open, launch, start","report, pdf, csv, deck, summary, executive, brief, letter, package","risk, exposure, compliance, overdue, delay, cost, error, sla, audit, missing, recovery, opportunity",16,9,8
CRITICAL,100,html/construction-suite/construction-pro.html,AuditOps // Sovereign Core · TSM,"construction, legal, logistics, finance, itops, vendor","INTAKE / ANALYSIS, DECISION / STRATEGY, EXECUTIVE / OUTCOME, REPORT / DELIVERY, INTAKE / DATA ENTRY",True,True,True,"how to, how-to, guide, next step, steps","upload, analyze, analysis, run, review, export, download, report, send, save, create, open, continue, start","report, export, download, summary, executive, letter","risk, exposure, compliance, overdue, delay, cost, waste, error, sla, audit, recovery",27,3,3
CRITICAL,100,html/construction-suite/construction-suite-expansion.html,TSM Construction Suite — Field & Document Ops,"construction, finops, noc, supplier, vendor, approval","INTAKE / ANALYSIS, DECISION / STRATEGY, EXECUTIVE / OUTCOME, REPORT / DELIVERY, AI / COPILOT, INTAKE / DATA ENTRY",True,True,True,"how to, how-to, workflow, guide, quick start, steps","upload, import, analyze, analysis, run, execute, submit, review, approve, reject, assign, resolve, generate, export, report, send, save, create, open, continue, start","report, export, pdf, csv, deck, summary, executive, snapshot, letter","risk, exposure, compliance, overdue, delay, cost, error, anomaly, sla, audit, recovery",64,1,9
CRITICAL,100,html/construction-suite/contruction-pro.html,AuditOps // Sovereign Core · TSM,"construction, legal, logistics, finance, itops, vendor","INTAKE / ANALYSIS, DECISION / STRATEGY, EXECUTIVE / OUTCOME, REPORT / DELIVERY, INTAKE / DATA ENTRY",True,True,True,"how to, how-to, guide, next step, steps","upload, analyze, analysis, run, review, export, download, report, send, save, create, open, launch, continue, start","report, export, download, summary, executive, letter","risk, exposure, compliance, overdue, delay, cost, waste, error, sla, audit, missing, recovery",27,3,3
CRITICAL,100,html/construction-suite/how-to.html,Construction Suite · How To Guide · TSM,"construction, insurance, legal, logistics, finance, itops, vendor","INTAKE / ANALYSIS, DECISION / STRATEGY, EXECUTIVE / OUTCOME, REPORT / DELIVERY, INTAKE / DATA ENTRY",True,True,True,"how to, getting started, workflow, guide, steps","upload, analyze, analysis, run, review, resolve, export, report, send, save, open, launch, start","report, export, pdf, csv, xlsx, summary, executive, brief, letter, package","risk, loss, exposure, compliance, delay, cost, revenue, anomaly, failure, audit, missing, unresolved, recovery",10,15,0
CRITICAL,100,html/construction-suite/tsm-construction-command.html,TSM Construction Command Suite — Autonomous Project Intelligence,"construction, insurance, legal, logistics, finops, itops, supplier, vendor","INTAKE / ANALYSIS, DECISION / STRATEGY, EXECUTIVE / OUTCOME, REPORT / DELIVERY, AI / COPILOT, INTAKE / DATA ENTRY",True,True,True,"start here, workflow, steps","upload, import, analyze, analysis, run, execute, submit, review, approve, escalate, resolve, generate, export, report, send, create, open, launch, start","report, export, pdf, deck, summary, executive, brief, letter, package","risk, loss, exposure, compliance, overdue, delay, cost, error, sla, audit, missing, unresolved",4,47,3
CRITICAL,100,html/construction-suite/zero-trust.html,TSM Zero-Trust | Enterprise Access Command,"construction, mortgage, legal, hotel, hotelops, finance, finops, tax","INTAKE / ANALYSIS, DECISION / STRATEGY, EXECUTIVE / OUTCOME, REPORT / DELIVERY, AI / COPILOT, INTAKE / DATA ENTRY",True,True,True,"how to, how-to, guide, instructions, next step, steps","import, analyze, analysis, run, submit, review, approve, assign, escalate, generate, export, report, send, create, open, launch, start","report, export, csv, letter, package","risk, leak, exposure, compliance, overdue, cost, error, anomaly, sla, audit, missing",82,12,10
CRITICAL,100,html/finops-command-suite-v2.html,TSM FinOps Command Suite — Autonomous Financial Intelligence,"construction, mortgage, legal, hotel, hotelops, finops, tax, itops","INTAKE / ANALYSIS, DECISION / STRATEGY, EXECUTIVE / OUTCOME, REPORT / DELIVERY, AI / COPILOT, INTAKE / DATA ENTRY",True,True,True,"how-to, start here, workflow, guide, steps","upload, analyze, analysis, run, execute, submit, review, approve, generate, report, save, open, launch, start","report, pdf, csv, excel, summary, executive, brief, letter","risk, exception, denial, compliance, overdue, bottleneck, delay, revenue, error, anomaly, sla, audit, missing",2,52,1
CRITICAL,100,html/finops-main-strategist.html,TSM · FinOps Main Strategist · Controller Action Plan,"logistics, finance, finops, tax, vendor, approval","INTAKE / ANALYSIS, DECISION / STRATEGY, EXECUTIVE / OUTCOME, REPORT / DELIVERY, AI / COPILOT, INTAKE / DATA ENTRY",True,True,True,"how to, how-to, workflow, guide, steps","upload, import, analyze, analysis, run, execute, submit, review, approve, assign, escalate, generate, export, download, report, send, save, create, open, continue, start","report, export, download, pdf, csv, xlsx, summary, executive, snapshot, brief, letter, package","risk, loss, exposure, exception, compliance, overdue, revenue, error, anomaly, sla, audit, missing, recovery, opportunity",35,23,6
CRITICAL,100,html/finops-suite/compliance.html,TSM Compliance Command | AI-Powered Regulatory Intelligence,"construction, insurance, legal, finance, finops, tax, itops, vendor","INTAKE / ANALYSIS, DECISION / STRATEGY, EXECUTIVE / OUTCOME, REPORT / DELIVERY, AI / COPILOT, INTAKE / DATA ENTRY",True,True,True,"how to, workflow, guide, quick start, steps","upload, import, analyze, analysis, run, review, assign, resolve, generate, export, report, send, save, create, open, launch, start","report, export, pdf, csv, xlsx, summary, executive, letter","risk, exposure, exception, compliance, overdue, delay, error, anomaly, failure, sla, audit, missing, unresolved, recovery",49,3,16
CRITICAL,100,html/finops-suite/doc-analysis-tab.html,TSM · FinOps Intelligence · Document Processor,"insurance, logistics, finance, finops, tax, vendor, approval","INTAKE / ANALYSIS, DECISION / STRATEGY, EXECUTIVE / OUTCOME, REPORT / DELIVERY, INTAKE / DATA ENTRY",True,True,True,"how to, workflow, next step, steps","upload, import, analyze, analysis, run, review, resolve, report, send, save, open, continue, start","report, pdf, csv, xlsx, summary, executive, brief, letter","risk, exposure, exception, compliance, overdue, delay, revenue, error, sla, audit, missing, recovery",13,18,6
CRITICAL,100,html/finops-suite/financial-ui.html,TSM Financial Operations · Start Here,"healthcare, construction, insurance, finance, finops, tax, itops, vendor","INTAKE / ANALYSIS, DECISION / STRATEGY, EXECUTIVE / OUTCOME, REPORT / DELIVERY, AI / COPILOT, INTAKE / DATA ENTRY",True,True,True,"how to, how-to, start here, workflow, guide, quick start, next step, steps","upload, analyze, analysis, run, review, escalate, generate, export, report, presentation, send, save, create, open, launch, start","report, export, pdf, csv, excel, presentation, summary, executive, snapshot, brief, letter, package","risk, exposure, exception, compliance, overdue, delay, cost, error, sla, audit, missing",34,5,0
CRITICAL,100,html/finops-suite/finops-accounting.html,TSM FinOps · Financial Accounting Command,"finance, finops, tax, vendor, approval","INTAKE / ANALYSIS, DECISION / STRATEGY, EXECUTIVE / OUTCOME, REPORT / DELIVERY, AI / COPILOT, INTAKE / DATA ENTRY",True,True,True,"how to, workflow, instructions","upload, import, analyze, analysis, run, review, approve, generate, export, download, report, save, create, open, start","report, export, download, csv, summary, executive, letter","risk, exception, compliance, overdue, cost, revenue, error, sla, audit, missing",26,4,2
CRITICAL,100,html/finops-suite/finops-main-strategist/index.html,TSM · FinOps Main Strategist · Controller Action Plan,"logistics, finops, tax, vendor, approval","INTAKE / ANALYSIS, DECISION / STRATEGY, EXECUTIVE / OUTCOME, REPORT / DELIVERY, AI / COPILOT, INTAKE / DATA ENTRY",True,True,True,"workflow, next step, steps","upload, import, analyze, analysis, run, submit, review, approve, escalate, resolve, generate, export, download, report, send, save, create, open, launch, continue, start","report, export, download, pdf, csv, xlsx, summary, executive, snapshot, brief, letter","risk, exposure, exception, compliance, overdue, delay, cost, revenue, error, audit, missing, unresolved, opportunity",41,0,7
CRITICAL,100,html/finops-suite/finops-operations.html,TSM FinOps · Operations Suite,"construction, insurance, hotel, finance, finops, tax, itops, property","INTAKE / ANALYSIS, DECISION / STRATEGY, EXECUTIVE / OUTCOME, REPORT / DELIVERY, AI / COPILOT, INTAKE / DATA ENTRY",True,True,True,"workflow, guide","upload, import, analyze, analysis, run, submit, review, approve, reject, assign, escalate, resolve, generate, export, report, send, save, create, open, launch, continue, start","report, export, pdf, csv, xlsx, excel, deck, summary, executive, proposal, letter","risk, exposure, exception, compliance, overdue, backlog, cost, revenue, error, anomaly, sla, audit, missing, unresolved",69,2,35
CRITICAL,100,html/finops-suite/finops-war/finops-main-strategist.html,TSM · FinOps Main Strategist · Controller Action Plan,"healthcare, bpo, insurance, legal, logistics, finance, finops, tax","INTAKE / ANALYSIS, DECISION / STRATEGY, EXECUTIVE / OUTCOME, REPORT / DELIVERY, AI / COPILOT, INTAKE / DATA ENTRY",True,True,True,"workflow, steps","upload, import, analysis, run, execute, submit, review, approve, assign, escalate, resolve, generate, export, download, report, send, save, create, open, continue, start","report, export, download, pdf, csv, xlsx, summary, executive, snapshot, brief, letter, package","risk, exposure, exception, compliance, overdue, revenue, error, anomaly, sla, audit, missing, recovery, opportunity",34,24,6
CRITICAL,100,html/finops-suite/finops-war/finops-war-room.html,FinOps War Room · TSM,"healthcare, insurance, legal, finance, finops, tax, vendor, approval","INTAKE / ANALYSIS, DECISION / STRATEGY, EXECUTIVE / OUTCOME, REPORT / DELIVERY, INTAKE / DATA ENTRY",True,True,True,"how to, how-to, workflow, guide, steps","upload, analyze, analysis, run, review, approve, reject, assign, escalate, resolve, generate, export, download, report, send, save, create, open, launch, continue, start","report, export, download, pdf, summary, executive, snapshot, brief, letter, package","risk, exposure, exception, denial, compliance, overdue, cost, revenue, error, anomaly, failure, sla, audit, missing, recovery",40,3,1
CRITICAL,100,html/finops-suite/how-to-finops.html,FinOps Suite — How To Guide,"healthcare, finops, tax, vendor, crm, approval","INTAKE / ANALYSIS, DECISION / STRATEGY, EXECUTIVE / OUTCOME, REPORT / DELIVERY, AI / COPILOT, INTAKE / DATA ENTRY",True,True,True,"how to, getting started, workflow, user guide, guide, what to do, next step, steps","upload, analyze, analysis, run, review, approve, assign, resolve, generate, export, download, report, presentation, send, save, open, launch, start","report, export, download, pdf, csv, xlsx, presentation, deck, summary, executive, snapshot, brief, letter, package","risk, exposure, exception, compliance, overdue, cost, revenue, sla, audit, missing",29,2,0
CRITICAL,100,html/finops-suite/how-to.html,FinOps Suite · How To Guide · TSM,"legal, logistics, finops, tax, vendor, crm, approval","INTAKE / ANALYSIS, DECISION / STRATEGY, EXECUTIVE / OUTCOME, REPORT / DELIVERY, AI / COPILOT, INTAKE / DATA ENTRY",True,True,True,"how to, how-to, getting started, start here, workflow, guide, instructions, next step, steps","analysis, run, submit, review, approve, escalate, resolve, generate, export, report, send, save, open, launch, start","report, export, pdf, csv, xlsx, summary, executive, brief, letter, package","risk, exposure, exception, denial, compliance, overdue, delay, revenue, audit, missing, unresolved",3,15,0
CRITICAL,100,html/finops-suite/staff-accountant-interview.html,TSM FinOps · Staff Accountant Interview Suite,"insurance, legal, logistics, finance, finops, tax, property, vendor","INTAKE / ANALYSIS, EXECUTIVE / OUTCOME, REPORT / DELIVERY, AI / COPILOT, INTAKE / DATA ENTRY",True,True,True,"how to, how-to, getting started, workflow, guide, steps","upload, import, run, submit, review, approve, escalate, resolve, generate, export, download, report, create, open, start","report, export, download, pdf, csv, excel, deck, summary, executive, letter, package","risk, leak, loss, exception, compliance, overdue, cost, revenue, error, sla, audit, missing, recovery",62,0,12
CRITICAL,100,html/finops-suite/tsm-finops-pitch.html,TSM FinOps Intelligence Suite — Client Demo,"healthcare, finance, finops, tax, vendor, crm, approval","INTAKE / ANALYSIS, DECISION / STRATEGY, EXECUTIVE / OUTCOME, REPORT / DELIVERY, INTAKE / DATA ENTRY",True,True,True,"start here, workflow, guide, next step, steps","analysis, run, review, assign, generate, export, report, send, save, open, launch, start","report, export, pdf, summary, executive, brief, letter","risk, exposure, exception, compliance, overdue, cost, revenue, error, audit, missing, recovery, opportunity",1,34,0
CRITICAL,100,html/finops-suite/tsm-rcm-os-howto.html,TSM RCM OS — How-To Guide,"construction, insurance, legal, logistics, finance, finops, tax, supplier","INTAKE / ANALYSIS, EXECUTIVE / OUTCOME, REPORT / DELIVERY, AI / COPILOT, INTAKE / DATA ENTRY",True,True,True,"how to, how-to, start here, guide, steps","upload, import, analyze, analysis, run, review, approve, escalate, resolve, generate, export, download, report, send, save, create, open, start","report, export, download, pdf, summary, executive, snapshot, brief, letter, package","risk, loss, exposure, exception, compliance, cost, revenue, anomaly, audit, missing",0,22,0
CRITICAL,100,html/finops-suite/tsm-rcm-os.html,TSM RCM OS — Reconciliation Command Center,"healthcare, construction, bpo, insurance, legal, logistics, finance, finops","INTAKE / ANALYSIS, EXECUTIVE / OUTCOME, REPORT / DELIVERY, AI / COPILOT, INTAKE / DATA ENTRY",True,True,True,"how to, how-to, workflow, guide, what to do, steps","import, analyze, analysis, run, submit, review, approve, assign, escalate, resolve, generate, export, download, report, presentation, send, save, create, open, start","report, export, download, presentation, summary, executive, snapshot, brief, letter, package","risk, exposure, exception, compliance, bottleneck, delay, cost, revenue, anomaly, sla, audit, missing, unresolved",5,3,0
CRITICAL,100,html/finops-suite/zero-trust.html,TSM Zero-Trust | Enterprise Access Command,"construction, mortgage, legal, hotel, hotelops, finance, finops, tax","INTAKE / ANALYSIS, DECISION / STRATEGY, EXECUTIVE / OUTCOME, REPORT / DELIVERY, AI / COPILOT, INTAKE / DATA ENTRY",True,True,True,"how to, how-to, guide, instructions, next step, steps","import, analyze, analysis, run, submit, review, approve, assign, escalate, generate, export, report, send, create, open, launch, start","report, export, csv, letter, package","risk, leak, exposure, compliance, overdue, cost, error, anomaly, sla, audit, missing",81,12,9
CRITICAL,100,html/healthcare/executive-portal.html,TSM · RCM Executive Command,"healthcare, construction, bpo, mortgage, real estate, insurance, legal, finops","INTAKE / ANALYSIS, DECISION / STRATEGY, EXECUTIVE / OUTCOME, REPORT / DELIVERY, INTAKE / DATA ENTRY",True,True,True,"workflow, guide, what to do, steps","analyze, analysis, run, submit, review, approve, assign, escalate, resolve, generate, export, download, report, send, save, create, open, start","report, export, download, summary, executive, snapshot, brief, proposal, letter, package","risk, leak, loss, exposure, exception, denial, compliance, overdue, cost, revenue, error, anomaly, sla, audit, missing, recovery",11,0,0
CRITICAL,100,html/healthcare/hc-compliance/index.html,HC COMPLIANCE COMMAND · TSM Healthcare,"healthcare, insurance, legal, approval","INTAKE / ANALYSIS, DECISION / STRATEGY, EXECUTIVE / OUTCOME, REPORT / DELIVERY, AI / COPILOT, INTAKE / DATA ENTRY",True,True,True,"start here, workflow, guide, instructions, steps","analyze, analysis, run, execute, submit, review, assign, escalate, generate, export, report, create, open, start","report, export, summary, executive, snapshot, brief, letter","risk, exposure, exception, denial, compliance, overdue, delay, revenue, error, anomaly, sla, audit, missing",50,1,12
CRITICAL,100,html/healthcare/hc-denial-war-room.html,TSM · Denial Recovery War Room,"healthcare, construction, bpo, insurance, legal, finops, itops, vendor","INTAKE / ANALYSIS, DECISION / STRATEGY, EXECUTIVE / OUTCOME, REPORT / DELIVERY, INTAKE / DATA ENTRY",True,True,True,"how to, how-to, workflow, guide, instructions, next step, steps","upload, analyze, analysis, run, execute, submit, review, escalate, resolve, generate, export, download, report, presentation, send, save, create, open, launch, continue, start","report, export, download, pdf, csv, xlsx, excel, presentation, summary, executive, brief, letter","risk, leak, exposure, denial, compliance, overdue, delay, cost, revenue, error, anomaly, failure, sla, audit, missing, recovery",27,4,1
CRITICAL,100,html/healthcare/hc-grants/index.html,HC GRANTS COMMAND · TSM Healthcare,healthcare,"INTAKE / ANALYSIS, DECISION / STRATEGY, EXECUTIVE / OUTCOME, REPORT / DELIVERY, AI / COPILOT, INTAKE / DATA ENTRY",True,True,True,"workflow, guide, steps","analysis, run, submit, review, assign, escalate, generate, report, presentation, create, open, launch, start","report, presentation, summary, executive, snapshot, brief, letter, package","risk, exposure, compliance, overdue, bottleneck, delay, cost, error, anomaly, audit, missing, recovery",53,1,12
CRITICAL,100,html/healthcare/hc-insurance/index.html,HC INSURANCE COMMAND · TSM Healthcare,"healthcare, insurance, legal","INTAKE / ANALYSIS, DECISION / STRATEGY, EXECUTIVE / OUTCOME, REPORT / DELIVERY, AI / COPILOT, INTAKE / DATA ENTRY",True,True,True,"start here, guide, instructions, steps","analyze, analysis, run, submit, review, assign, escalate, resolve, generate, export, report, create, open, start","report, export, summary, executive, snapshot, brief, letter","risk, exposure, denial, compliance, backlog, delay, revenue, error, anomaly, sla, audit, recovery",51,1,13
CRITICAL,100,html/healthcare/hc-legal/index.html,HC LEGAL COMMAND · TSM Healthcare,"healthcare, insurance, legal","INTAKE / ANALYSIS, DECISION / STRATEGY, EXECUTIVE / OUTCOME, REPORT / DELIVERY, AI / COPILOT, INTAKE / DATA ENTRY",True,True,True,"start here, workflow, guide, instructions, steps","analysis, run, execute, submit, review, assign, escalate, generate, export, report, create, open, start","report, export, summary, executive, snapshot, brief, letter","risk, exposure, denial, compliance, overdue, backlog, revenue, error, anomaly, sla, audit, recovery",50,1,12
CRITICAL,100,html/healthcare/hc-medical/index.html,HC MEDICAL COMMAND · TSM Healthcare,"healthcare, approval","INTAKE / ANALYSIS, DECISION / STRATEGY, EXECUTIVE / OUTCOME, REPORT / DELIVERY, AI / COPILOT, INTAKE / DATA ENTRY",True,True,True,"start here, guide, instructions, steps","analyze, analysis, run, submit, review, assign, escalate, generate, export, report, presentation, create, open, launch, start","report, export, presentation, summary, snapshot, brief, letter","risk, loss, exposure, denial, compliance, backlog, delay, revenue, error, anomaly, failure, sla, audit, missing",51,1,11
CRITICAL,100,html/healthcare/hc-strategist/index.html,HC STRATEGIST · TSM Healthcare Full System,"healthcare, construction, bpo, insurance, legal, tax, itops, property","INTAKE / ANALYSIS, DECISION / STRATEGY, EXECUTIVE / OUTCOME, REPORT / DELIVERY, AI / COPILOT, INTAKE / DATA ENTRY",True,True,True,"how to, workflow, guide, what to do, steps","import, analyze, analysis, run, submit, review, assign, escalate, resolve, generate, export, download, report, presentation, send, save, create, open, launch, continue, start","report, export, download, presentation, summary, executive, snapshot, brief, letter","risk, leak, exposure, exception, denial, compliance, overdue, backlog, bottleneck, delay, cost, revenue, error, anomaly, sla, audit, missing, unresolved, recovery, opportunity",34,0,11
CRITICAL,100,html/healthcare/hc-taxprep/index.html,HC TAX PREP COMMAND · TSM Healthcare,"healthcare, legal, tax","INTAKE / ANALYSIS, DECISION / STRATEGY, EXECUTIVE / OUTCOME, REPORT / DELIVERY, AI / COPILOT, INTAKE / DATA ENTRY",True,True,True,"start here, workflow, guide, steps","analysis, run, submit, review, assign, escalate, resolve, generate, export, report, create, open, launch, start","report, export, summary, snapshot, brief, letter","risk, exposure, exception, denial, compliance, backlog, bottleneck, delay, revenue, error, anomaly, failure, sla, audit, missing, unresolved, recovery",50,1,11
CRITICAL,100,html/l1-copilot/l1-ticket-copilot.html,TSM L1 Ticket Copilot,"healthcare, construction, real estate, insurance, legal, finance, finops, itops","INTAKE / ANALYSIS, DECISION / STRATEGY, EXECUTIVE / OUTCOME, REPORT / DELIVERY, AI / COPILOT, INTAKE / DATA ENTRY",True,True,True,"how to, workflow, guide, next step, steps","import, analyze, analysis, run, submit, review, reject, assign, escalate, resolve, generate, report, presentation, send, save, create, open, launch, start","report, pdf, presentation, summary, snapshot, brief, letter, package","risk, loss, denial, compliance, delay, cost, revenue, error, anomaly, failure, sla, audit, missing, recovery",49,9,24
CRITICAL,100,html/legal-pro/legal-trust.html,TSM Zero-Trust | Enterprise Access Command,"construction, mortgage, legal, hotel, hotelops, finance, finops, tax","INTAKE / ANALYSIS, DECISION / STRATEGY, EXECUTIVE / OUTCOME, REPORT / DELIVERY, AI / COPILOT, INTAKE / DATA ENTRY",True,True,True,"how to, how-to, guide, instructions, next step, steps","import, analyze, analysis, run, submit, review, approve, assign, escalate, generate, export, report, send, create, open, launch, start","report, export, csv, letter, package","risk, leak, exposure, compliance, overdue, cost, error, anomaly, sla, audit, missing",81,12,9
CRITICAL,100,html/reo-pro/index.html,RealtyOps AI | Real Estate Intelligence Command Center,"healthcare, construction, bpo, mortgage, real estate, insurance, legal, schools","INTAKE / ANALYSIS, DECISION / STRATEGY, EXECUTIVE / OUTCOME, REPORT / DELIVERY, AI / COPILOT, INTAKE / DATA ENTRY",True,True,True,"how to, getting started, workflow, user guide, guide, instructions","upload, import, analyze, analysis, run, submit, review, assign, resolve, generate, report, presentation, send, save, create, open, launch, start","report, pdf, csv, presentation, summary, executive, snapshot, brief, proposal, letter, package","risk, leak, loss, exposure, exception, denial, compliance, overdue, delay, cost, revenue, waste, error, sla, audit, missing, unresolved, opportunity",52,11,23
CRITICAL,100,html/reo-pro/re-guide.html,TSM // RE PLATFORM GUIDE,"bpo, mortgage, real estate, insurance, legal, finance, finops, property","INTAKE / ANALYSIS, DECISION / STRATEGY, EXECUTIVE / OUTCOME, REPORT / DELIVERY, AI / COPILOT, INTAKE / DATA ENTRY",True,True,True,"how to, workflow, guide, instructions, what to do, steps","upload, import, analyze, analysis, run, review, assign, escalate, generate, export, report, send, save, create, open, start","report, export, pdf, csv, xlsx, summary, executive, snapshot, brief, letter, package","risk, loss, exposure, denial, compliance, delay, cost, revenue, waste, error, failure, sla, audit, missing, opportunity",0,4,0
CRITICAL,100,html/suite-builder.html,TSM · Presentation Suite Builder,"healthcare, construction, bpo, mortgage, real estate, insurance, legal, schools","INTAKE / ANALYSIS, DECISION / STRATEGY, EXECUTIVE / OUTCOME, REPORT / DELIVERY, AI / COPILOT, INTAKE / DATA ENTRY",True,True,True,"how to, how-to, workflow, guide, what to do, next step, steps","upload, analysis, run, execute, submit, review, assign, resolve, generate, export, report, presentation, send, save, create, open, launch, start","report, export, pdf, presentation, deck, summary, executive, brief, proposal, letter, package","risk, exposure, exception, denial, compliance, bottleneck, delay, cost, revenue, error, anomaly, failure, sla, audit, missing, recovery, opportunity",20,0,5
CRITICAL,100,html/tsm-bpo-daily-workflow-gtm.html,TSM BPO DAILY WORKFLOW,"healthcare, construction, bpo, insurance, legal, finops, tax, property","INTAKE / ANALYSIS, DECISION / STRATEGY, EXECUTIVE / OUTCOME, REPORT / DELIVERY, AI / COPILOT, INTAKE / DATA ENTRY",True,True,True,"how to, workflow, next step, steps","import, analyze, analysis, run, submit, review, approve, reject, assign, escalate, generate, report, presentation, send, create, open, launch, start","report, pdf, presentation, summary, executive, snapshot, brief, letter, package","risk, loss, exposure, exception, denial, compliance, overdue, backlog, delay, cost, revenue, error, anomaly, sla, audit, missing, recovery",100,0,5
CRITICAL,100,html/tsm-candidate-readiness-v2.html,TSM · Employee Readiness & Retention System,"healthcare, bpo, insurance, legal, logistics, finance, finops, tax","INTAKE / ANALYSIS, DECISION / STRATEGY, EXECUTIVE / OUTCOME, REPORT / DELIVERY, INTAKE / DATA ENTRY",True,True,True,"workflow, guide, instructions, next step, steps","import, analysis, run, execute, submit, review, approve, reject, assign, escalate, resolve, generate, export, download, report, presentation, send, create, open, continue, start","report, export, download, pdf, csv, presentation, deck, summary, executive, brief, letter, package","risk, leak, loss, exposure, exception, denial, compliance, overdue, delay, cost, revenue, waste, error, anomaly, failure, sla, audit, missing, unresolved, recovery, opportunity",22,0,18
CRITICAL,100,html/tsm-career-os-guide.html,TSM Career OS — User Guide,"healthcare, finops","EXECUTIVE / OUTCOME, REPORT / DELIVERY, AI / COPILOT, INTAKE / DATA ENTRY",True,True,True,"how to, how-to, getting started, workflow, user guide, guide, steps","import, analyze, analysis, run, execute, submit, review, generate, export, report, open, launch, start","report, export, excel, summary, executive, brief, proposal, letter","risk, leak, loss, exposure, denial, compliance, bottleneck, delay, revenue, waste, error, failure, audit, recovery",0,17,0
CRITICAL,100,html/tsm-career-training-platform.html,TSM Career Training Platform · Decision Intelligence Academy,"healthcare, construction, bpo, mortgage, real estate, insurance, legal, logistics","INTAKE / ANALYSIS, DECISION / STRATEGY, EXECUTIVE / OUTCOME, REPORT / DELIVERY, AI / COPILOT, INTAKE / DATA ENTRY",True,True,True,"how to, how-to, start here, workflow, guide, quick start, next step, steps","upload, import, analysis, run, execute, submit, review, approve, assign, escalate, resolve, generate, export, download, report, presentation, send, save, create, open, continue, start","report, export, download, pdf, excel, presentation, deck, summary, executive, snapshot, brief, letter, package","risk, exposure, exception, denial, compliance, bottleneck, cost, revenue, waste, error, anomaly, failure, sla, audit",100,98,100
CRITICAL,100,html/tsm-consultz-portfolio.html,TSM Consultz LLC | Latorrey Whitehead — Chief Solutions Architect,"healthcare, construction, bpo, mortgage, real estate, insurance, legal, finops","INTAKE / ANALYSIS, DECISION / STRATEGY, EXECUTIVE / OUTCOME, REPORT / DELIVERY, INTAKE / DATA ENTRY",True,True,True,"workflow, guide, steps","upload, import, analyze, analysis, run, execute, review, assign, generate, export, download, report, send, save, create, launch, start","report, export, download, pdf, csv, xlsx, summary, executive, snapshot, brief, letter","risk, exposure, denial, compliance, overdue, bottleneck, revenue, error, failure, sla, audit, missing",9,13,3
CRITICAL,100,html/tsm-doc-search-multi.html,TSM Document Search · FinOps · Insurance · Construction · BPO,"healthcare, construction, bpo, mortgage, real estate, insurance, legal, schools","INTAKE / ANALYSIS, DECISION / STRATEGY, EXECUTIVE / OUTCOME, REPORT / DELIVERY, AI / COPILOT, INTAKE / DATA ENTRY",True,True,True,"how to, workflow, guide, next step, steps","upload, import, analysis, run, execute, submit, review, approve, reject, assign, escalate, resolve, generate, export, download, report, send, save, create, open, launch, continue, start","report, export, download, pdf, csv, xlsx, summary, executive, snapshot, brief, proposal, letter, package","risk, leak, loss, exposure, exception, denial, compliance, delay, cost, revenue, error, anomaly, failure, sla, audit, unresolved, recovery, opportunity",45,6,9
CRITICAL,100,html/tsm-how-to-guide.html,TSM · How To Use the War Room Suite,"healthcare, construction, bpo, real estate, insurance, legal, finops, tax","INTAKE / ANALYSIS, DECISION / STRATEGY, EXECUTIVE / OUTCOME, REPORT / DELIVERY, AI / COPILOT, INTAKE / DATA ENTRY",True,True,True,"how to, getting started, workflow, guide, instructions, what to do, next step, steps","upload, import, analyze, analysis, run, execute, submit, review, approve, assign, escalate, resolve, generate, export, download, report, send, save, open, start","report, export, download, summary, executive, brief, letter","risk, exposure, denial, compliance, overdue, delay, cost, revenue, error, anomaly, sla, audit, missing, recovery, opportunity",7,11,0
CRITICAL,100,html/tsm-insurance/az-ins.html,AZ Insurance Command · NPN 18818059,"healthcare, bpo, mortgage, insurance, legal, tax, itops, noc","INTAKE / ANALYSIS, DECISION / STRATEGY, EXECUTIVE / OUTCOME, REPORT / DELIVERY, AI / COPILOT, INTAKE / DATA ENTRY",True,True,True,"how to, getting started, workflow, guide, steps","upload, import, analyze, analysis, run, review, approve, assign, escalate, resolve, generate, export, download, report, presentation, send, save, create, open, launch, start","report, export, download, pdf, presentation, summary, executive, brief, letter, package","risk, loss, exposure, exception, denial, compliance, backlog, delay, cost, revenue, sla, audit, missing, unresolved, recovery",31,2,18
CRITICAL,100,html/tsm-insurance/ins-hub1.html,TSM Insurance Command Hub,"healthcare, insurance, legal, property, approval","INTAKE / ANALYSIS, DECISION / STRATEGY, EXECUTIVE / OUTCOME, REPORT / DELIVERY, INTAKE / DATA ENTRY",True,True,True,"workflow, guide, next step, steps","import, analyze, analysis, run, submit, review, approve, assign, escalate, resolve, generate, presentation, create, continue, start","excel, presentation, summary, executive, brief, letter, package","risk, loss, denial, compliance, delay, revenue, error, sla, missing",34,7,10
CRITICAL,100,html/tsm-insurance/ins-intel.html,TSM · Insurance Intelligence Hub,"construction, insurance, itops","INTAKE / ANALYSIS, DECISION / STRATEGY, EXECUTIVE / OUTCOME, REPORT / DELIVERY, AI / COPILOT, INTAKE / DATA ENTRY",True,True,True,"how to, how-to, workflow, guide, steps","analyze, analysis, run, submit, review, assign, escalate, generate, export, report, presentation, save, create, open, launch, start","report, export, presentation, deck, summary, executive, snapshot, letter, package","risk, loss, exposure, compliance, delay, anomaly, sla, audit, missing",3,5,0
CRITICAL,100,html/tsm-insurance/insurance-claims-pro.html,TSM Insurance Operations Academy · Claims Lab,"healthcare, construction, insurance, legal, tax, supplier, vendor, approval","INTAKE / ANALYSIS, DECISION / STRATEGY, EXECUTIVE / OUTCOME, REPORT / DELIVERY, AI / COPILOT, INTAKE / DATA ENTRY",True,True,True,"workflow, guide, next step, steps","upload, import, analyze, analysis, run, submit, review, approve, reject, assign, escalate, resolve, generate, export, download, report, send, save, create, open, launch, continue, start","report, export, download, pdf, csv, xlsx, excel, summary, executive, brief, letter, package","risk, loss, exposure, exception, denial, compliance, delay, cost, revenue, waste, error, failure, sla, audit, missing, unresolved, recovery",65,11,4
CRITICAL,100,html/tsm-job-prep.html,TSM Career OS — Healthcare Ops Simulator,"healthcare, finops, tax, approval","EXECUTIVE / OUTCOME, REPORT / DELIVERY, AI / COPILOT, INTAKE / DATA ENTRY",True,True,True,"how to, workflow, steps","upload, analyze, analysis, run, execute, submit, review, approve, reject, assign, generate, export, report, presentation, save, create, open","report, export, excel, presentation, deck, summary, executive, brief, letter","risk, loss, exposure, denial, compliance, backlog, bottleneck, delay, cost, revenue, waste, error, failure, sla, audit, missing, recovery, opportunity",40,0,1
CRITICAL,100,html/tsm-job-prep1.html,TSM Career OS — Healthcare Ops Simulator,"healthcare, finops, approval","EXECUTIVE / OUTCOME, REPORT / DELIVERY, AI / COPILOT, INTAKE / DATA ENTRY",True,True,True,"how to, workflow, steps","upload, analyze, analysis, run, execute, submit, review, approve, reject, assign, generate, export, report, presentation, save, create, open","report, export, excel, presentation, deck, summary, executive, brief, letter","risk, loss, exposure, denial, compliance, backlog, bottleneck, delay, cost, revenue, waste, error, failure, sla, audit, missing, recovery, opportunity",40,0,1
CRITICAL,100,html/war-rooms/construct-war/construction-war-room.html,TSM Construction War Room,"healthcare, construction, insurance, legal, logistics, finance, finops, tax","INTAKE / ANALYSIS, DECISION / STRATEGY, EXECUTIVE / OUTCOME, REPORT / DELIVERY, INTAKE / DATA ENTRY",True,True,True,"how to, how-to, workflow, guide, instructions, steps","upload, import, analyze, analysis, run, submit, review, approve, reject, assign, escalate, resolve, generate, export, download, report, presentation, save, create, open, launch, start","report, export, download, presentation, summary, executive, snapshot, brief, proposal, letter, package","risk, exposure, compliance, delay, cost, revenue, error, anomaly, failure, sla, audit, missing, unresolved",50,3,3
CRITICAL,100,html/war-rooms/insure-war/insurance-strategist.html,Insurance Strategist · TSM,"healthcare, real estate, insurance, legal, finops, approval","INTAKE / ANALYSIS, DECISION / STRATEGY, EXECUTIVE / OUTCOME, REPORT / DELIVERY, INTAKE / DATA ENTRY",True,True,True,"workflow, guide, instructions, steps","analyze, analysis, run, submit, review, approve, assign, escalate, resolve, generate, export, download, report, send, save, create, open, start","report, export, download, summary, executive, snapshot, brief, letter, package","risk, loss, exposure, denial, compliance, cost, revenue, error, anomaly, sla, audit, missing, recovery, opportunity",11,0,1
CRITICAL,100,html/war-rooms/insure-war/insurance-war-room.html,Insurance War Room · TSM,"healthcare, insurance, legal, supplier, approval","INTAKE / ANALYSIS, DECISION / STRATEGY, EXECUTIVE / OUTCOME, REPORT / DELIVERY, INTAKE / DATA ENTRY",True,True,True,"how to, how-to, workflow, guide, instructions, steps","upload, analysis, run, submit, review, assign, escalate, resolve, generate, export, download, report, presentation, save, create, open, launch, continue, start","report, export, download, pdf, presentation, summary, executive, snapshot, brief, letter, package","risk, loss, exposure, exception, denial, compliance, overdue, cost, revenue, error, anomaly, failure, sla, audit, missing, recovery, opportunity",44,4,3
CRITICAL,100,html/war-rooms/legal-war/legal-war-room.html,Legal War Room · TSM Legal-Pro,"healthcare, bpo, insurance, legal, logistics, finance, vendor","INTAKE / ANALYSIS, DECISION / STRATEGY, EXECUTIVE / OUTCOME, REPORT / DELIVERY, INTAKE / DATA ENTRY",True,True,True,"how to, how-to, workflow, guide, instructions, what to do, next step, steps","import, analyze, analysis, run, execute, review, approve, assign, escalate, resolve, generate, export, download, report, create, open, launch, start","report, export, download, pdf, csv, summary, executive, snapshot, brief, letter, package","risk, exposure, denial, compliance, cost, revenue, error, anomaly, failure, sla, audit, missing, recovery",39,3,3
CRITICAL,100,html/war-rooms/re-war/re-exec-portal.html,TSM · RE EXEC PORTAL,"healthcare, construction, bpo, mortgage, real estate, insurance, legal, finops","INTAKE / ANALYSIS, DECISION / STRATEGY, EXECUTIVE / OUTCOME, REPORT / DELIVERY, AI / COPILOT, INTAKE / DATA ENTRY",True,True,True,"guide, instructions, steps","upload, import, analyze, analysis, run, execute, review, approve, assign, escalate, resolve, generate, export, download, report, save, create, open, launch, start","report, export, download, csv, summary, executive, snapshot, brief, letter, package","risk, loss, exposure, exception, compliance, cost, revenue, error, anomaly, sla, audit, missing, recovery",13,12,0
CRITICAL,100,html/war-rooms/re-war/re-strategist.html,TSM // RE STRATEGIST,"mortgage, real estate, property","INTAKE / ANALYSIS, DECISION / STRATEGY, EXECUTIVE / OUTCOME, REPORT / DELIVERY, AI / COPILOT, INTAKE / DATA ENTRY",True,True,True,"workflow, guide, steps","import, analyze, analysis, run, review, assign, escalate, resolve, generate, export, download, report, save, create, open, launch, continue, start","report, export, download, summary, executive, brief, letter","risk, leak, loss, exposure, compliance, revenue, error, failure, sla, missing, recovery",13,3,1
CRITICAL,100,html/war-rooms/re-war/re-war-room.html,TSM // RE WAR ROOM,"construction, bpo, mortgage, real estate, insurance, legal, finance, finops","INTAKE / ANALYSIS, DECISION / STRATEGY, EXECUTIVE / OUTCOME, REPORT / DELIVERY, AI / COPILOT, INTAKE / DATA ENTRY",True,True,True,"how to, how-to, workflow, guide, instructions, next step, steps","upload, import, analyze, analysis, run, review, approve, assign, escalate, resolve, generate, export, download, report, send, save, create, open, launch, continue, start","report, export, download, pdf, summary, executive, brief, letter, package","risk, loss, exposure, denial, compliance, backlog, bottleneck, delay, cost, revenue, error, anomaly, failure, sla, audit, missing, unresolved",43,6,12
CRITICAL,100,html/war-rooms/schools-command/schools-command.html,TSM School Command Center,"healthcare, construction, mortgage, legal, schools, finance, tax, itops","INTAKE / ANALYSIS, DECISION / STRATEGY, EXECUTIVE / OUTCOME, REPORT / DELIVERY, AI / COPILOT, INTAKE / DATA ENTRY",True,True,True,"how to, workflow, user guide, guide, next step, steps","upload, analyze, analysis, run, execute, review, approve, assign, escalate, resolve, generate, export, download, report, send, save, create, open, start","report, export, download, pdf, csv, xlsx, summary, executive, snapshot, brief, letter, package","risk, exposure, exception, compliance, overdue, delay, cost, error, anomaly, failure, sla, audit, missing, recovery",100,16,5
CRITICAL,100,html/war-rooms/war-room-prep.html,TSM — War Room Pre-Presentation Checklist,"healthcare, construction, bpo, mortgage, real estate, insurance, legal, finance","INTAKE / ANALYSIS, DECISION / STRATEGY, EXECUTIVE / OUTCOME, REPORT / DELIVERY, AI / COPILOT, INTAKE / DATA ENTRY",True,True,True,"how to, how-to, start here, workflow, user guide, guide, what to do, steps","upload, import, analyze, analysis, run, execute, submit, review, approve, reject, assign, escalate, resolve, generate, export, report, presentation, save, create, open, launch, start","report, export, pdf, presentation, summary, executive, snapshot, brief, proposal, letter, package","risk, loss, exposure, exception, denial, compliance, backlog, delay, cost, revenue, error, anomaly, failure, sla, audit, missing, unresolved, recovery, opportunity",65,100,100
CRITICAL,100,html/wia2.html,WIA · Workforce Intelligence Platform,"healthcare, construction, bpo, insurance, legal, logistics, finops, approval","INTAKE / ANALYSIS, DECISION / STRATEGY, EXECUTIVE / OUTCOME, REPORT / DELIVERY, INTAKE / DATA ENTRY",True,True,True,"how to, how-to, getting started, workflow, guide, steps","upload, analysis, run, submit, review, approve, assign, resolve, generate, export, download, report, presentation, send, save, create, open, start","report, export, download, pdf, csv, presentation, summary, executive, snapshot, letter","risk, loss, denial, compliance, bottleneck, delay, revenue, error, sla, audit, missing, recovery",5,0,1
CRITICAL,100,html/zero-trust.html,TSM Zero-Trust | Enterprise Access Command,"construction, mortgage, legal, hotel, hotelops, finance, finops, tax","DECISION / STRATEGY, EXECUTIVE / OUTCOME, REPORT / DELIVERY, AI / COPILOT, INTAKE / DATA ENTRY",True,True,True,"how to, how-to, guide, instructions, next step, steps","import, analyze, analysis, run, submit, review, approve, assign, escalate, generate, export, report, send, create, open, launch, start","report, export, csv, letter, package","risk, leak, exposure, compliance, overdue, cost, error, anomaly, sla, audit, missing",82,12,10
CRITICAL,100,html/zero-trust/index.html,TSM Zero-Trust | Enterprise Access Command,"construction, mortgage, legal, hotel, hotelops, finance, finops, tax","DECISION / STRATEGY, EXECUTIVE / OUTCOME, REPORT / DELIVERY, AI / COPILOT, INTAKE / DATA ENTRY",True,True,True,"how to, how-to, guide, instructions, next step, steps","import, analyze, analysis, run, submit, review, approve, assign, escalate, generate, export, report, send, create, open, launch, start","report, export, csv, letter, package","risk, leak, exposure, compliance, overdue, cost, error, anomaly, sla, audit, missing",81,12,9
CRITICAL,99,html/finops-suite/tax.html,AuditOps Pro · TSM AI Tax Intelligence Platform,"construction, bpo, mortgage, real estate, legal, finops, tax, itops","DECISION / STRATEGY, EXECUTIVE / OUTCOME, REPORT / DELIVERY, AI / COPILOT, INTAKE / DATA ENTRY",True,True,True,"how to, guide, steps","upload, analyze, analysis, run, submit, review, escalate, generate, export, download, report, send, create, launch, start","report, export, download, pdf, csv, xlsx, brief, letter","risk, loss, exposure, compliance, cost, revenue, error, sla, audit, missing",38,0,39
CRITICAL,99,html/healthcare/hc-billing/index.html,HC BILLING COMMAND · TSM Healthcare,"healthcare, insurance, legal","INTAKE / ANALYSIS, DECISION / STRATEGY, EXECUTIVE / OUTCOME, REPORT / DELIVERY, AI / COPILOT, INTAKE / DATA ENTRY",True,True,True,"start here, guide, instructions, steps","import, analysis, run, submit, review, reject, escalate, resolve, generate, export, report, create, start","report, export, summary, executive, brief, letter","risk, exposure, denial, compliance, revenue, error, anomaly, audit, missing, recovery",38,1,11
CRITICAL,99,html/healthcare/hc-financial/index.html,HC FINANCIAL COMMAND · TSM Healthcare,"healthcare, insurance, legal","INTAKE / ANALYSIS, DECISION / STRATEGY, EXECUTIVE / OUTCOME, REPORT / DELIVERY, AI / COPILOT, INTAKE / DATA ENTRY",True,True,True,"start here, guide, steps","analysis, run, submit, review, assign, escalate, resolve, generate, export, report, create, open, launch, start","report, export, summary, executive, snapshot, brief, letter","risk, leak, exposure, denial, compliance, backlog, bottleneck, delay, cost, revenue, error, anomaly, sla, audit, missing, recovery",51,1,11
CRITICAL,99,html/legal-pro/legal-tax.html,AuditOps Pro · TSM AI Tax Intelligence Platform,"construction, bpo, mortgage, real estate, legal, finops, tax, itops","DECISION / STRATEGY, EXECUTIVE / OUTCOME, REPORT / DELIVERY, AI / COPILOT, INTAKE / DATA ENTRY",True,True,True,"how to, guide, steps","upload, analyze, analysis, run, submit, review, escalate, generate, export, download, report, send, create, launch, start","report, export, download, pdf, csv, xlsx, brief, letter","risk, loss, exposure, compliance, cost, revenue, error, sla, audit, missing",38,0,39
CRITICAL,99,html/tax-prep.html,AuditOps Pro · TSM AI Tax Intelligence Platform,"construction, bpo, mortgage, real estate, legal, tax, itops","DECISION / STRATEGY, REPORT / DELIVERY, AI / COPILOT, INTAKE / DATA ENTRY",True,True,True,"how to, guide, steps","upload, import, analyze, analysis, run, submit, review, escalate, generate, export, download, report, send, create, start","report, export, download, pdf, csv, xlsx, brief, letter","risk, loss, exposure, compliance, cost, revenue, error, sla, audit, missing",35,0,36
CRITICAL,99,html/tax-prep/index.html,AuditOps Pro · TSM AI Tax Intelligence Platform,"construction, bpo, mortgage, real estate, legal, tax, itops","DECISION / STRATEGY, REPORT / DELIVERY, AI / COPILOT, INTAKE / DATA ENTRY",True,True,True,"how to, guide, steps","upload, import, analyze, analysis, run, submit, review, escalate, generate, export, download, report, send, create, launch, start","report, export, download, pdf, csv, xlsx, brief, letter","risk, loss, exposure, compliance, cost, revenue, error, sla, audit, missing",35,0,36
CRITICAL,98,html/healthcare/hc-vendors/index.html,HC VENDORS COMMAND · TSM Healthcare,"healthcare, insurance, legal, logistics, supplier, vendor","INTAKE / ANALYSIS, DECISION / STRATEGY, EXECUTIVE / OUTCOME, REPORT / DELIVERY, AI / COPILOT, INTAKE / DATA ENTRY",True,True,True,"start here, guide, steps","analysis, run, execute, submit, review, assign, escalate, resolve, generate, export, report, create, open, launch, start","report, export, summary, snapshot, brief, letter","risk, exposure, exception, denial, compliance, backlog, delay, cost, revenue, error, anomaly, failure, sla, audit, missing, unresolved, recovery",46,1,10
CRITICAL,98,html/tsm-insurance/pc-command.html,TSM | P&C Enterprise Command,"healthcare, construction, mortgage, real estate, insurance, legal, finance, itops","INTAKE / ANALYSIS, DECISION / STRATEGY, EXECUTIVE / OUTCOME, REPORT / DELIVERY, AI / COPILOT, INTAKE / DATA ENTRY",True,True,True,"how to, start here, guide","import, analyze, analysis, run, review, reject, assign, resolve, generate, report, presentation, send, save, create, open, launch, start","report, excel, presentation, brief, letter, package","risk, leak, loss, exposure, compliance, cost, revenue, error, failure, sla, audit, missing",27,7,28
CRITICAL,98,html/tsm-mortgage-demo.html,TSM Mortgage Command Center — Live Demo Walkthrough,"healthcare, construction, bpo, mortgage, real estate, insurance, legal, schools","INTAKE / ANALYSIS, DECISION / STRATEGY, EXECUTIVE / OUTCOME, REPORT / DELIVERY, AI / COPILOT, INTAKE / DATA ENTRY",True,True,True,"how to, guide, next step, steps","import, analysis, run, execute, submit, review, escalate, generate, export, download, report, send, save, create, open, start","report, export, download, pdf, csv, xlsx, deck, summary, executive, snapshot, letter","risk, leak, exposure, exception, compliance, delay, anomaly, sla, audit",2,0,0
CRITICAL,97,html/auditops-pro.html,AuditOps Pro · TSM AI Tax Intelligence Platform,"construction, bpo, mortgage, real estate, legal, tax, itops","DECISION / STRATEGY, REPORT / DELIVERY, AI / COPILOT, INTAKE / DATA ENTRY",True,True,True,"how to, guide, steps","upload, analyze, analysis, run, submit, review, escalate, generate, export, download, report, send, create, start","report, export, download, pdf, csv, xlsx, brief, letter","risk, loss, exposure, compliance, cost, revenue, error, sla, audit, missing",35,0,36
CRITICAL,97,html/construction-suite/auditops-tax.html,AuditOps Pro · TSM AI Tax Intelligence Platform,"construction, mortgage, real estate, legal, tax, itops","INTAKE / ANALYSIS, DECISION / STRATEGY, REPORT / DELIVERY, AI / COPILOT, INTAKE / DATA ENTRY",True,True,True,"how to, guide, steps","upload, analyze, analysis, run, submit, review, escalate, generate, export, download, report, send, create, launch, start","report, export, download, pdf, csv, xlsx, brief, letter","risk, loss, exposure, compliance, cost, revenue, sla, audit, missing",35,0,36
CRITICAL,97,html/tsm-insurance/tax-prep.html,AuditOps Pro · TSM AI Tax Intelligence Platform,"construction, mortgage, real estate, insurance, legal, tax, itops","INTAKE / ANALYSIS, DECISION / STRATEGY, REPORT / DELIVERY, AI / COPILOT, INTAKE / DATA ENTRY",True,True,True,"how to, guide, steps","upload, analyze, analysis, run, submit, review, escalate, generate, export, download, report, send, create, launch, start","report, export, download, pdf, csv, xlsx, brief, letter","risk, loss, exposure, compliance, cost, revenue, sla, audit, missing",35,0,36
CRITICAL,97,html/tsm-marketing-platform.html,TSM Consultz — Time Sensitive Matters,"healthcare, construction, bpo, mortgage, real estate, insurance, legal, finops","INTAKE / ANALYSIS, DECISION / STRATEGY, EXECUTIVE / OUTCOME, REPORT / DELIVERY, INTAKE / DATA ENTRY",True,True,True,"how to, how-to, workflow, guide, what to do, next step","upload, analyze, analysis, run, review, assign, presentation, save, create, open, start","presentation, deck, executive, brief, letter","risk, exposure, exception, denial, compliance, bottleneck, delay, cost, revenue, error, anomaly, failure, sla, audit, missing, recovery, opportunity",4,20,5
CRITICAL,96,html/construction-suite/construction-hub.html,TSM Construction Intelligence Suite · Command Hub,"healthcare, construction, insurance, legal, logistics, finance, finops, tax","INTAKE / ANALYSIS, DECISION / STRATEGY, EXECUTIVE / OUTCOME, REPORT / DELIVERY, INTAKE / DATA ENTRY",True,True,True,"workflow, steps","upload, analyze, analysis, run, submit, review, approve, generate, export, report, send, save, create, open, launch, start","report, export, pdf, summary, executive, brief, letter","risk, exposure, exception, compliance, overdue, delay, cost, revenue, waste, error, sla, audit, missing, recovery",22,33,1
CRITICAL,96,html/finops-suite/finops-presentation.html,TSM · FinOps Suite,"healthcare, construction, insurance, finance, finops, tax, vendor, crm","INTAKE / ANALYSIS, DECISION / STRATEGY, EXECUTIVE / OUTCOME, REPORT / DELIVERY, AI / COPILOT, INTAKE / DATA ENTRY",True,True,True,"start here, workflow, guide, steps","upload, import, analyze, analysis, run, execute, submit, review, generate, export, report, send, open, launch, start","report, export, excel, summary, executive, brief, letter","risk, exposure, denial, compliance, overdue, cost, revenue, error, sla, audit, missing, recovery",0,60,0
CRITICAL,96,html/finops-suite/finops-presentation/index.html,TSM · FinOps Suite,"healthcare, construction, insurance, finance, finops, tax, vendor, crm","INTAKE / ANALYSIS, DECISION / STRATEGY, EXECUTIVE / OUTCOME, REPORT / DELIVERY, AI / COPILOT, INTAKE / DATA ENTRY",True,True,True,"start here, workflow, guide, steps","upload, import, analyze, analysis, run, execute, submit, review, generate, export, report, send, open, launch, start","report, export, excel, summary, executive, brief, letter","risk, exposure, denial, compliance, overdue, cost, revenue, error, sla, audit, missing, recovery",0,60,0
CRITICAL,96,html/healthcare/hc-operations/index.html,HC OPERATIONS COMMAND · TSM Healthcare,"healthcare, vendor","INTAKE / ANALYSIS, DECISION / STRATEGY, EXECUTIVE / OUTCOME, REPORT / DELIVERY, AI / COPILOT, INTAKE / DATA ENTRY",True,True,True,"start here, guide, steps","analysis, run, submit, review, assign, escalate, resolve, generate, export, report, create, open, launch, start","report, export, summary, snapshot, brief, letter","risk, exposure, denial, compliance, backlog, bottleneck, delay, revenue, error, anomaly, failure, sla, audit, missing, unresolved, recovery",50,1,11
CRITICAL,96,html/healthcare/hc-pharmacy/index.html,HC PHARMACY COMMAND · TSM Healthcare,"healthcare, vendor","INTAKE / ANALYSIS, DECISION / STRATEGY, EXECUTIVE / OUTCOME, REPORT / DELIVERY, AI / COPILOT, INTAKE / DATA ENTRY",True,True,True,"start here, guide, steps","analysis, run, submit, review, assign, escalate, resolve, generate, export, report, create, open, launch, start","report, export, summary, snapshot, brief, letter","risk, exposure, exception, denial, compliance, backlog, bottleneck, delay, revenue, error, anomaly, failure, sla, audit, missing, unresolved, recovery",51,1,11
CRITICAL,96,html/war-rooms/bpo-war/bpo-executive-portal.html,TSM · BPO Executive Portal,"healthcare, construction, bpo, mortgage, insurance, legal, finops, supplier","INTAKE / ANALYSIS, DECISION / STRATEGY, EXECUTIVE / OUTCOME, REPORT / DELIVERY, INTAKE / DATA ENTRY",True,True,True,"workflow, guide, steps","upload, analyze, run, execute, review, approve, reject, assign, escalate, resolve, generate, export, download, report, save, create, open, start","report, export, download, summary, executive, brief, letter","risk, loss, exposure, exception, revenue, error, anomaly, failure, sla, audit, recovery",13,3,0
CRITICAL,95,html/finops-suite/finance-index.html,TSM Financial Intelligence Pro,"construction, insurance, finance, finops, itops","DECISION / STRATEGY, EXECUTIVE / OUTCOME, REPORT / DELIVERY, AI / COPILOT, INTAKE / DATA ENTRY",True,True,True,"how-to, guide, steps","import, analyze, analysis, run, submit, review, resolve, generate, report, send, save, create, open, launch, start","report, summary, executive, brief, letter","risk, exposure, exception, compliance, overdue, delay, revenue, error, anomaly, failure, sla, audit",23,2,1
CRITICAL,95,html/finops-suite/finops-scenarios.html,FinOps Scenario Engine · TSM Academy,"healthcare, finance, finops, tax, vendor, approval","INTAKE / ANALYSIS, EXECUTIVE / OUTCOME, REPORT / DELIVERY, AI / COPILOT, INTAKE / DATA ENTRY",True,True,True,"workflow, guide","upload, import, analyze, analysis, run, submit, review, approve, escalate, resolve, generate, export, report, presentation, send, open, launch, start","report, export, csv, excel, presentation, summary, executive, brief, letter, package","risk, exception, compliance, overdue, cost, revenue, error, failure, sla, audit, missing, recovery, opportunity",12,33,0
CRITICAL,95,html/finops-suite/tsm-presentation.html,TSM · FinOps Suite · Executive Presentation,"construction, insurance, finance, finops, tax, vendor, approval","INTAKE / ANALYSIS, DECISION / STRATEGY, EXECUTIVE / OUTCOME, REPORT / DELIVERY, INTAKE / DATA ENTRY",True,True,True,"workflow, what to do","upload, import, analyze, analysis, run, submit, generate, export, report, presentation, send, save, create, open, launch, start","report, export, csv, excel, presentation, deck, summary, executive, brief, letter","risk, exposure, exception, compliance, delay, cost, error, sla, audit, missing, recovery",2,18,0
CRITICAL,95,html/legal-pro/legal-account.html,TSM FinOps · Financial Accounting POC,"construction, legal, finance, finops, tax, itops, vendor, approval","INTAKE / ANALYSIS, DECISION / STRATEGY, EXECUTIVE / OUTCOME, REPORT / DELIVERY, AI / COPILOT, INTAKE / DATA ENTRY",True,True,True,instructions,"import, analyze, analysis, run, review, approve, generate, export, download, report, save, create, open, launch, continue, start","report, export, download, pdf, csv, xlsx, summary, executive, letter","risk, exposure, exception, compliance, overdue, cost, revenue, error, sla, audit, missing",26,2,2
CRITICAL,95,html/war-rooms/bpo-war/bpo-war-room.html,TSM · BPO Situation Room,"healthcare, construction, bpo, real estate, insurance, legal, logistics, supplier","INTAKE / ANALYSIS, DECISION / STRATEGY, EXECUTIVE / OUTCOME, REPORT / DELIVERY, INTAKE / DATA ENTRY",True,True,True,workflow,"upload, import, analyze, analysis, run, execute, review, reject, escalate, resolve, generate, export, download, report, save, create, open, launch, continue, start","report, export, download, pdf, csv, xlsx, summary, executive, snapshot, brief, proposal, letter","risk, exposure, backlog, revenue, error, anomaly, failure, sla, audit, missing",9,3,1
CRITICAL,95,html/wia.html,TSM Workforce Intelligence Academy,"healthcare, construction, insurance, legal, finops, vendor, approval","EXECUTIVE / OUTCOME, REPORT / DELIVERY, INTAKE / DATA ENTRY",True,True,True,"workflow, guide, next step, steps","analysis, run, execute, submit, review, approve, reject, assign, escalate, resolve, report, save, create, open, launch, start","report, executive, proposal, letter, package","risk, exposure, denial, compliance, delay, cost, revenue, error, failure, sla, audit, missing",5,0,1
CRITICAL,94,html/demo/tsm-demo-console.html,TSM Consultz — Live Relay Console,"healthcare, construction, bpo, mortgage, real estate, insurance, legal, schools","INTAKE / ANALYSIS, DECISION / STRATEGY, EXECUTIVE / OUTCOME, REPORT / DELIVERY, AI / COPILOT, INTAKE / DATA ENTRY",True,True,True,"workflow, next step, steps","upload, import, analyze, analysis, run, execute, submit, review, assign, escalate, export, report, presentation, send, open, start","report, export, presentation, deck, summary, executive, brief, letter","risk, exposure, exception, denial, compliance, bottleneck, delay, cost, revenue, anomaly, failure, sla, audit, recovery",2,0,0
CRITICAL,94,html/healthcare/hc-academy/crc-hc-exam.html,TSM · Staff Accountant + CRCR Command,"healthcare, insurance, legal, finance, finops, tax, vendor, crm","INTAKE / ANALYSIS, EXECUTIVE / OUTCOME, REPORT / DELIVERY, AI / COPILOT, INTAKE / DATA ENTRY",True,True,True,"how to, start here, workflow, guide, steps","import, analysis, run, submit, review, approve, reject, assign, resolve, generate, report, send, save, create, open, launch, continue, start","report, summary, letter","risk, exposure, exception, denial, compliance, delay, revenue, error, failure, sla, audit, missing, recovery",34,0,2
CRITICAL,94,html/healthcare/hc-academy/crc-hc-practice.html,TSM · Staff Accountant + CRCR Command,"healthcare, insurance, legal, finance, finops, tax, vendor, crm","INTAKE / ANALYSIS, EXECUTIVE / OUTCOME, REPORT / DELIVERY, INTAKE / DATA ENTRY",True,True,True,"how to, start here, workflow, guide, steps","import, analysis, run, submit, review, approve, reject, assign, resolve, generate, report, send, save, create, open, launch, continue, start","report, summary, letter","risk, exposure, exception, denial, compliance, delay, revenue, error, failure, sla, audit, missing, recovery",30,0,2
CRITICAL,94,html/healthcare/hc-main-strategist.html,HC Strategist · Healthcare · Neural Core,"healthcare, construction, bpo, mortgage, insurance, legal, schools, hotel","INTAKE / ANALYSIS, DECISION / STRATEGY, EXECUTIVE / OUTCOME, REPORT / DELIVERY, AI / COPILOT, INTAKE / DATA ENTRY",True,True,True,"workflow, next step","import, analyze, analysis, run, submit, review, approve, assign, escalate, resolve, generate, export, report, send, save, create, open, continue, start","report, export, summary, executive, snapshot, brief, letter, package","risk, loss, exposure, exception, denial, compliance, backlog, bottleneck, delay, revenue, error, anomaly, sla, audit, missing, recovery, opportunity",36,3,0
CRITICAL,94,html/ins-presentation/index.html,TSM · Insurance Intelligence Suite · Live Executive Demo,"healthcare, construction, insurance, itops, supplier, approval","INTAKE / ANALYSIS, DECISION / STRATEGY, EXECUTIVE / OUTCOME, REPORT / DELIVERY, INTAKE / DATA ENTRY",True,True,True,"workflow, what to do, steps","import, analysis, run, submit, review, approve, generate, report, presentation, save, create, open, launch, start","report, presentation, deck, summary, executive, letter, package","risk, leak, loss, exposure, denial, compliance, delay, cost, revenue, failure, sla, audit, missing, recovery, opportunity",11,4,0
CRITICAL,94,html/logistics/logistics-situation-room.html,TSM · Logistics Situation Room,"healthcare, construction, bpo, insurance, logistics, supplier","INTAKE / ANALYSIS, DECISION / STRATEGY, EXECUTIVE / OUTCOME, REPORT / DELIVERY, INTAKE / DATA ENTRY",True,True,True,workflow,"upload, analyze, analysis, run, execute, review, escalate, resolve, generate, export, download, report, save, create, open, launch, continue, start","report, export, download, summary, executive, snapshot, brief, letter","risk, exposure, exception, backlog, delay, revenue, error, anomaly, failure, sla, missing",9,2,1
CRITICAL,94,html/supplier-vendor/supplier-vendor-situation-room.html,TSM · Supplier/Vendor Management Situation Room,"healthcare, construction, bpo, insurance, logistics, supplier, vendor","INTAKE / ANALYSIS, DECISION / STRATEGY, EXECUTIVE / OUTCOME, REPORT / DELIVERY, INTAKE / DATA ENTRY",True,True,True,workflow,"upload, analyze, analysis, run, execute, review, escalate, resolve, generate, export, download, report, save, create, open, launch, continue, start","report, export, download, summary, executive, snapshot, brief, letter","risk, exposure, backlog, cost, revenue, error, anomaly, failure, sla, missing",9,2,1
CRITICAL,94,html/war-rooms/construct-war/construction-strategist.html,Construction Strategist · TSM,"healthcare, construction, bpo, mortgage, insurance, legal, finance, tax","INTAKE / ANALYSIS, DECISION / STRATEGY, EXECUTIVE / OUTCOME, REPORT / DELIVERY, INTAKE / DATA ENTRY",True,True,True,"workflow, next step","upload, import, analyze, analysis, run, review, approve, assign, escalate, resolve, generate, report, send, save, create, open, launch, continue, start","report, deck, summary, executive, snapshot, brief, letter, package","risk, loss, exposure, compliance, overdue, backlog, delay, error, anomaly, failure, sla, audit, missing, recovery, opportunity",30,0,1
CRITICAL,93,html/construction-suite/index.html,TSM Construction Intelligence Suite · Command Hub,"healthcare, construction, insurance, legal, logistics, finance, tax, itops","INTAKE / ANALYSIS, DECISION / STRATEGY, EXECUTIVE / OUTCOME, REPORT / DELIVERY, INTAKE / DATA ENTRY",True,True,True,"workflow, steps","upload, analyze, analysis, run, submit, review, approve, generate, export, report, send, save, create, open, launch, start","report, export, pdf, summary, executive, letter","risk, exposure, compliance, overdue, delay, cost, waste, error, sla, audit, missing, recovery",20,27,1
CRITICAL,93,html/construction.html,Construction Operations Intelligence,"construction, insurance, legal, logistics, finance, itops, supplier, vendor","DECISION / STRATEGY, REPORT / DELIVERY, AI / COPILOT, INTAKE / DATA ENTRY",True,True,True,"how to, how-to, guide","analyze, analysis, run, review, generate, export, download, report, send, save, create, open, launch, start","report, export, download, summary, letter","risk, loss, exposure, compliance, backlog, delay, cost, waste, error, sla, audit, missing, recovery",20,1,2
CRITICAL,93,html/hc-demo-flow.html,HC Presentation Flow · Tomorrow's Demo,"healthcare, construction, insurance, finance, vendor, approval","DECISION / STRATEGY, EXECUTIVE / OUTCOME, REPORT / DELIVERY, AI / COPILOT, INTAKE / DATA ENTRY",True,True,True,"workflow, what to do, steps","import, analyze, run, execute, submit, review, assign, generate, export, report, presentation, send, open, launch, start","report, export, excel, presentation, executive, letter","risk, loss, exposure, denial, compliance, cost, revenue, audit, missing, recovery",3,5,0
CRITICAL,93,html/war-rooms/construct-war/construction-executive-portal.html,TSM Construction Executive Portal,"healthcare, construction, bpo, insurance, legal, finance, finops, itops","INTAKE / ANALYSIS, DECISION / STRATEGY, EXECUTIVE / OUTCOME, REPORT / DELIVERY, INTAKE / DATA ENTRY",True,True,True,"what to do, steps","import, analysis, run, review, approve, assign, escalate, generate, export, download, report, create, open, continue, start","report, export, download, summary, executive, snapshot, brief, letter, package","risk, exposure, exception, compliance, cost, error, sla, audit, recovery",11,3,0
CRITICAL,92,html/reo-pro/re-doc-search.html,TSM · RE DOCUMENT COMMAND,"bpo, mortgage, real estate, insurance, finance, tax, property","INTAKE / ANALYSIS, DECISION / STRATEGY, EXECUTIVE / OUTCOME, REPORT / DELIVERY, INTAKE / DATA ENTRY",True,True,True,"guide, steps","analyze, analysis, run, review, approve, assign, resolve, report, send, save, create, open, launch, start","report, pdf, csv, xlsx, summary, executive, brief, letter, package","risk, exposure, compliance, delay, cost, error, missing",18,4,8
CRITICAL,92,html/tsm-ab-study-plan.html,TSM · AI-103 · Azure AI Apps & Agents Developer · 3-Week Plan,"healthcare, construction, bpo, insurance, legal, finops, approval","INTAKE / ANALYSIS, DECISION / STRATEGY, EXECUTIVE / OUTCOME, AI / COPILOT, INTAKE / DATA ENTRY",True,True,True,"how to, start here, workflow, guide","upload, analyze, analysis, run, execute, review, approve, generate, send, save, create, open, launch, continue, start","executive, brief, letter, package","risk, exposure, denial, compliance, bottleneck, cost, revenue, error, sla, audit, missing",46,0,11
CRITICAL,91,html/construction-suite/permits-proposals.html,Permits & Proposals · TSM Construction Suite,"construction, legal, finops, tax, itops, approval","INTAKE / ANALYSIS, DECISION / STRATEGY, EXECUTIVE / OUTCOME, REPORT / DELIVERY, AI / COPILOT, INTAKE / DATA ENTRY",True,True,True,"next step, steps","upload, import, analyze, analysis, run, submit, review, approve, reject, escalate, resolve, generate, report, send, save, create, open, launch, continue, start","report, pdf, summary, executive, proposal, letter, package","risk, exposure, compliance, overdue, delay, cost, error, anomaly, failure, sla, audit, missing, unresolved",23,54,0
CRITICAL,91,html/finops-suite/crcr-study-mode.html,TSM · CRCR Study Mode · Healthcare Revenue Cycle,"healthcare, insurance, finops","INTAKE / ANALYSIS, EXECUTIVE / OUTCOME, REPORT / DELIVERY, INTAKE / DATA ENTRY",True,True,True,"how to, workflow, guide, what to do, steps","import, analysis, run, submit, review, approve, reject, assign, resolve, generate, report, send, save, open, start","report, letter","exception, denial, delay, revenue, waste, error, failure, sla, audit, missing, recovery",23,0,1
CRITICAL,91,html/sentinel-how-to.html,How To Use TSM Sentinel Strategist Center,"healthcare, construction, bpo, mortgage, real estate, insurance, legal, schools","INTAKE / ANALYSIS, DECISION / STRATEGY, EXECUTIVE / OUTCOME, REPORT / DELIVERY, INTAKE / DATA ENTRY",True,True,True,"how to, start here, guide, what to do, steps","upload, analysis, run, review, resolve, generate, export, download, report, send, open, continue, start","report, export, download, summary, executive, snapshot, letter","risk, loss, exposure, compliance, anomaly, audit, missing",0,25,0
CRITICAL,91,html/talktrack_expanded.html,TSM Consultz · Honeywell Pitch · Extended Enterprise Talk Track,"healthcare, construction, bpo, real estate, insurance, legal, logistics, finops","INTAKE / ANALYSIS, DECISION / STRATEGY, EXECUTIVE / OUTCOME, REPORT / DELIVERY, INTAKE / DATA ENTRY",True,True,True,"workflow, guide, what to do, steps","upload, analyze, analysis, run, execute, approve, assign, escalate, resolve, export, report, open, launch, continue, start","report, export, summary, executive, brief, letter, package","risk, loss, exposure, denial, compliance, bottleneck, delay, revenue, anomaly, sla, audit, recovery, opportunity",0,0,0
CRITICAL,90,html/construction-suite/construction-showcase-v2.html,TSM · FinOps Doc Showcase · 4-Engine BNCA,"construction, logistics, finops, tax, vendor, approval","INTAKE / ANALYSIS, DECISION / STRATEGY, EXECUTIVE / OUTCOME, REPORT / DELIVERY, AI / COPILOT, INTAKE / DATA ENTRY",True,True,True,workflow,"upload, analyze, analysis, run, submit, review, approve, escalate, resolve, generate, export, download, report, send, save, create, open, launch, continue, start","report, export, download, pdf, csv, xlsx, summary, executive, brief, letter, package","risk, exposure, exception, denial, compliance, overdue, cost, revenue, error, audit, missing, unresolved",16,0,5
CRITICAL,90,html/construction-suite/construction-wip.html,TSM · Construction WIP + Billing Intelligence,"construction, itops, supplier, vendor, approval","INTAKE / ANALYSIS, DECISION / STRATEGY, EXECUTIVE / OUTCOME, REPORT / DELIVERY, INTAKE / DATA ENTRY",True,True,True,steps,"analyze, analysis, run, submit, review, approve, escalate, resolve, generate, export, download, report, create, open, launch, start","report, export, download, excel, deck, summary, executive, brief, letter, package","risk, exposure, compliance, delay, cost, revenue, sla, audit, missing, recovery",26,4,0
CRITICAL,90,html/construction-suite/document-showcase.html,Construction BNCA · Neural Bridge · TSM,"construction, insurance, legal, finance, tax, itops, property, approval","INTAKE / ANALYSIS, DECISION / STRATEGY, EXECUTIVE / OUTCOME, REPORT / DELIVERY, INTAKE / DATA ENTRY",False,True,True,,"upload, analyze, analysis, run, submit, review, resolve, generate, export, download, report, send, save, create, open, continue, start","report, export, download, pdf, csv, xlsx, deck, summary, executive, brief, letter","risk, exposure, exception, compliance, delay, cost, error, audit, unresolved, recovery",22,14,2
CRITICAL,90,html/finops-suite/finops-main-strategist/manager-bar-patch.html,FinOps Main Strategist · TSM,"construction, finops, tax, itops, vendor, approval","INTAKE / ANALYSIS, DECISION / STRATEGY, EXECUTIVE / OUTCOME, REPORT / DELIVERY, INTAKE / DATA ENTRY",True,True,True,workflow,"import, analysis, run, review, approve, escalate, generate, export, download, report, save, create, open, launch, continue, start","report, export, download, pdf, summary, executive, brief, letter, package","risk, exposure, exception, compliance, overdue, cost, error, audit, missing, opportunity",19,0,1
CRITICAL,90,html/finops-suite/finops-showcase-v1.html,FinOps Doc Showcase,"construction, hotel, logistics, finops, itops, vendor, approval","DECISION / STRATEGY, EXECUTIVE / OUTCOME, REPORT / DELIVERY, AI / COPILOT, INTAKE / DATA ENTRY",True,True,True,workflow,"upload, analyze, analysis, run, submit, review, approve, resolve, generate, export, download, report, send, save, create, open, launch, start","report, export, download, pdf, csv, xlsx, summary, executive, brief, letter, package","risk, exposure, exception, compliance, overdue, delay, cost, revenue, error, audit, missing, unresolved",14,0,1
CRITICAL,90,html/finops-suite/finops-showcase-v2.html,TSM · FinOps Doc Showcase · 4-Engine BNCA,"logistics, finops, tax, vendor, approval","INTAKE / ANALYSIS, DECISION / STRATEGY, EXECUTIVE / OUTCOME, REPORT / DELIVERY, AI / COPILOT, INTAKE / DATA ENTRY",True,True,True,workflow,"upload, analyze, analysis, run, submit, review, approve, escalate, resolve, generate, export, download, report, send, save, create, open, launch, continue, start","report, export, download, pdf, csv, xlsx, summary, executive, brief, letter, package","risk, exposure, exception, denial, compliance, overdue, cost, revenue, error, audit, missing, unresolved",16,0,5
CRITICAL,89,html/TSM_Shell_Honeywell_TalkTrack_30min.html,TSM Shell · Honeywell Pitch · 30-Min Talk Track,"healthcare, construction, bpo, real estate, insurance, legal, finops, supplier","INTAKE / ANALYSIS, DECISION / STRATEGY, EXECUTIVE / OUTCOME, REPORT / DELIVERY, INTAKE / DATA ENTRY",True,True,True,"workflow, guide, what to do, steps","upload, analyze, analysis, run, execute, approve, assign, escalate, resolve, export, report, open, launch, start","report, export, summary, executive, brief, letter, package","risk, loss, exposure, denial, compliance, delay, revenue, anomaly, audit, recovery",0,0,0
CRITICAL,89,html/banner-health-demo.html,Banner Health — Operational Intelligence + FinOps Pro Demo,"healthcare, construction, insurance, legal, finance, finops, itops, vendor","DECISION / STRATEGY, EXECUTIVE / OUTCOME, REPORT / DELIVERY, INTAKE / DATA ENTRY",True,True,True,"workflow, what to do, steps","import, analysis, run, execute, review, escalate, resolve, generate, export, report, presentation, create, open, launch, continue, start","report, export, presentation, summary, executive, brief, letter, package","risk, exposure, denial, compliance, overdue, backlog, bottleneck, delay, cost, revenue, error, sla, audit, missing, unresolved, recovery",0,0,0
CRITICAL,89,html/bnca-gtm-hc.html,BNCA Healthcare GTM Study Page · TSM Command Mode,"healthcare, construction, insurance, tax, itops, vendor","INTAKE / ANALYSIS, DECISION / STRATEGY, EXECUTIVE / OUTCOME, REPORT / DELIVERY, INTAKE / DATA ENTRY",True,True,True,"how to, workflow, guide, what to do, next step","import, analysis, run, review, escalate, generate, report, presentation, create, open, launch, start","report, presentation, executive, snapshot, letter","risk, leak, exposure, exception, denial, compliance, backlog, delay, cost, revenue, sla, audit, missing, recovery, opportunity",0,8,0
CRITICAL,89,html/demo/presentation-hub.html,TSM Deck Archive,"healthcare, construction, bpo, mortgage, real estate, insurance, legal, hotel","INTAKE / ANALYSIS, DECISION / STRATEGY, EXECUTIVE / OUTCOME, REPORT / DELIVERY, AI / COPILOT, INTAKE / DATA ENTRY",True,True,True,"how-to, next step","import, analysis, run, submit, review, resolve, download, report, presentation, create, open, start","report, download, presentation, deck, summary, executive, brief, proposal, letter","risk, exposure, exception, denial, compliance, cost, revenue, failure, sla, recovery",14,16,0
CRITICAL,89,html/finops-accounting.html,TSM FinOps · Financial Accounting Command,"finops, tax, vendor, approval","INTAKE / ANALYSIS, DECISION / STRATEGY, EXECUTIVE / OUTCOME, REPORT / DELIVERY, INTAKE / DATA ENTRY",True,True,True,instructions,"upload, import, analyze, analysis, run, review, approve, generate, export, download, report, save, create, open, start","report, export, download, csv, summary, executive, letter","risk, exception, compliance, overdue, cost, revenue, error, sla, missing",26,4,2
CRITICAL,89,html/go-to-market.html,BNCA Healthcare GTM Study Page · TSM Command Mode,"healthcare, construction, insurance, tax, itops, vendor","INTAKE / ANALYSIS, DECISION / STRATEGY, EXECUTIVE / OUTCOME, REPORT / DELIVERY, INTAKE / DATA ENTRY",True,True,True,"how to, workflow, guide, what to do, next step","import, analysis, run, review, escalate, generate, report, presentation, create, open, launch, start","report, presentation, executive, snapshot, letter","risk, leak, exposure, exception, denial, compliance, backlog, delay, cost, revenue, sla, audit, missing, recovery, opportunity",0,8,0
CRITICAL,89,html/healthcare/hc-academy/poc-html/index.html,HC Command Center · Guided PoC,"healthcare, insurance, legal, tax, vendor","INTAKE / ANALYSIS, DECISION / STRATEGY, EXECUTIVE / OUTCOME, REPORT / DELIVERY, INTAKE / DATA ENTRY",True,True,True,guide,"upload, analyze, run, execute, submit, review, reject, assign, escalate, resolve, generate, report, create, open, continue, start","report, pdf, csv, xlsx, excel, summary, executive, letter","risk, exposure, denial, compliance, overdue, delay, revenue, error, anomaly, sla, audit, missing, unresolved",8,0,1
CRITICAL,89,html/tsm-insurance/ins-presentation.html,TSM · Insurance Suite,"insurance, legal, property, approval","INTAKE / ANALYSIS, DECISION / STRATEGY, EXECUTIVE / OUTCOME, REPORT / DELIVERY, INTAKE / DATA ENTRY",True,True,True,"start here, workflow, guide, next step, steps","analyze, analysis, run, execute, submit, review, assign, generate, report, open, launch, start","report, excel, executive, letter, package","risk, leak, exposure, denial, compliance, delay, cost, revenue, waste, missing",0,39,0
CRITICAL,89,html/war-rooms/legal-war/legal-main-strategist.html,TSM · Case Strategist · Legal-Pro,"healthcare, bpo, insurance, legal, hotel, hotelops, finops","INTAKE / ANALYSIS, DECISION / STRATEGY, EXECUTIVE / OUTCOME, REPORT / DELIVERY, INTAKE / DATA ENTRY",True,True,True,workflow,"import, analysis, run, review, assign, escalate, resolve, generate, export, download, report, save, create, open, start","report, export, download, summary, executive, brief, letter, package","risk, exposure, exception, denial, delay, cost, error, anomaly, sla, missing, recovery",7,10,0
CRITICAL,88,html/client-access.html,TSM Client Access — Sovereign Intelligence Portal,"healthcare, construction, bpo, real estate, legal, finance, itops, vendor","INTAKE / ANALYSIS, DECISION / STRATEGY, EXECUTIVE / OUTCOME, REPORT / DELIVERY, INTAKE / DATA ENTRY",True,True,True,workflow,"upload, analysis, run, review, export, report, send, save, create, open, launch, start","report, export, csv, summary, executive, brief, letter, package","risk, leak, loss, exposure, exception, denial, compliance, bottleneck, delay, cost, revenue, error, sla, audit, missing, recovery",4,8,2
CRITICAL,88,html/construction-suite/financial/index.html,TSM | Financial Command,"construction, logistics, finance, tax, itops, vendor, approval","INTAKE / ANALYSIS, DECISION / STRATEGY, EXECUTIVE / OUTCOME, REPORT / DELIVERY, INTAKE / DATA ENTRY",True,True,True,"workflow, steps","import, analyze, analysis, run, review, approve, generate, export, report, create, open, launch, continue, start","report, export, pdf, summary, letter","risk, exception, compliance, bottleneck, cost, revenue, error, anomaly, audit, missing, recovery",37,13,10
CRITICAL,88,html/financial-command.html,TSM | Financial Command,"construction, logistics, finance, tax, itops, vendor, approval","DECISION / STRATEGY, EXECUTIVE / OUTCOME, REPORT / DELIVERY, INTAKE / DATA ENTRY",True,True,True,"workflow, steps","import, analyze, analysis, run, review, approve, generate, export, report, create, open, launch, continue, start","report, export, pdf, summary, letter","risk, exception, compliance, bottleneck, cost, revenue, error, anomaly, audit, missing, recovery",37,13,10
CRITICAL,88,html/finops-suite/how-to-finops-updated.html,FinOps Suite — How To Guide,"healthcare, construction, insurance, finance, finops, tax, vendor","INTAKE / ANALYSIS, DECISION / STRATEGY, EXECUTIVE / OUTCOME, REPORT / DELIVERY, INTAKE / DATA ENTRY",True,True,True,"how to, how-to, getting started, start here, workflow, guide, quick start, steps","analysis, run, review, resolve, generate, export, report, presentation, create, open, launch, start","report, export, presentation, executive, letter","risk, exposure, compliance, cost, audit, missing, recovery",21,15,0
CRITICAL,88,html/healthcare/hc-academy/crcc-scenarios.html,CRCR Operational Scenarios · TSM Academy,"healthcare, bpo, insurance, legal, finance, tax, vendor, approval","INTAKE / ANALYSIS, EXECUTIVE / OUTCOME, REPORT / DELIVERY, INTAKE / DATA ENTRY",True,True,True,"workflow, guide","analyze, analysis, run, submit, review, reject, assign, escalate, resolve, generate, report, send, open, launch, continue, start","report, summary, executive, brief, letter, package","risk, exposure, exception, denial, compliance, overdue, backlog, bottleneck, delay, cost, revenue, error, sla, audit, missing, recovery, opportunity",12,13,0
CRITICAL,88,html/healthcare/hc-academy/crcr-scenarios.html,CRCR Operational Scenarios · TSM Academy,"healthcare, bpo, insurance, legal, finance, tax, vendor, approval","INTAKE / ANALYSIS, EXECUTIVE / OUTCOME, REPORT / DELIVERY, INTAKE / DATA ENTRY",True,True,True,"workflow, guide","import, analyze, analysis, run, submit, review, reject, assign, escalate, resolve, generate, report, send, open, launch, continue, start","report, summary, executive, brief, letter, package","risk, exposure, exception, denial, compliance, overdue, backlog, bottleneck, delay, cost, revenue, error, sla, audit, missing, recovery, opportunity",12,15,0
CRITICAL,88,html/legal-pro/index.html,TSM Legal Pro Suite · TSM Consultz,"healthcare, construction, bpo, real estate, insurance, legal, itops, property","INTAKE / ANALYSIS, DECISION / STRATEGY, EXECUTIVE / OUTCOME, REPORT / DELIVERY, AI / COPILOT, INTAKE / DATA ENTRY",True,True,True,workflow,"upload, import, analyze, analysis, run, execute, submit, review, assign, escalate, resolve, generate, export, download, report, send, create, open, launch, start","report, export, download, pdf, csv, summary, executive, brief, letter, package","risk, exposure, exception, compliance, cost, error, failure, audit, missing",30,0,4
CRITICAL,88,html/tsm-landing.html,TSM — Total Solution Management,"healthcare, construction, bpo, insurance, finops, supplier","INTAKE / ANALYSIS, DECISION / STRATEGY, EXECUTIVE / OUTCOME, REPORT / DELIVERY, INTAKE / DATA ENTRY",True,True,True,"how to, start here, workflow, guide, steps","upload, analysis, run, submit, review, generate, download, report, send, open, launch, start","report, download, summary, executive, brief, letter","risk, exposure, denial, compliance, revenue, anomaly, sla, missing",0,30,0
CRITICAL,87,html/hotelops/hotelops-war-room.html,GID | HotelOps War Room,"healthcare, bpo, mortgage, hotel, hotelops, finops, noc, property","INTAKE / ANALYSIS, DECISION / STRATEGY, EXECUTIVE / OUTCOME, REPORT / DELIVERY, AI / COPILOT, INTAKE / DATA ENTRY",True,True,True,"how to, workflow","import, analyze, analysis, run, review, approve, assign, escalate, resolve, export, report, save, create, open, start","report, export, executive, letter","risk, leak, exposure, compliance, overdue, delay, revenue, error, anomaly, failure, sla, audit, missing, unresolved",6,4,1
CRITICAL,86,html/az-ins.tsmatter.html,AZ Insurance Command,"construction, insurance, logistics, finance, tax, itops, vendor, approval","DECISION / STRATEGY, EXECUTIVE / OUTCOME, REPORT / DELIVERY, INTAKE / DATA ENTRY",True,True,True,"workflow, steps","analyze, analysis, run, review, approve, generate, export, report, create, open, launch, continue, start","report, export, pdf, summary, letter","risk, exception, compliance, bottleneck, cost, revenue, error, anomaly, audit, missing, recovery",37,13,10
CRITICAL,86,html/bpo-legal.tsmatter.html,BPO Legal Command,"construction, bpo, legal, logistics, finance, tax, itops, vendor","DECISION / STRATEGY, EXECUTIVE / OUTCOME, REPORT / DELIVERY, INTAKE / DATA ENTRY",True,True,True,"workflow, steps","analyze, analysis, run, review, approve, generate, export, report, create, open, launch, continue, start","report, export, pdf, summary, letter","risk, exception, compliance, bottleneck, cost, revenue, error, anomaly, audit, missing, recovery",37,13,10
CRITICAL,86,html/bpo-realty.tsmatter.html,BPO Realty Command,"construction, bpo, mortgage, logistics, finance, tax, itops, vendor","DECISION / STRATEGY, EXECUTIVE / OUTCOME, REPORT / DELIVERY, INTAKE / DATA ENTRY",True,True,True,"workflow, steps","analyze, analysis, run, review, approve, generate, export, report, create, open, launch, continue, start","report, export, pdf, summary, letter","risk, exception, compliance, bottleneck, cost, revenue, error, anomaly, audit, missing, recovery",37,13,10
CRITICAL,86,html/bpo-tax.tsmatter.html,BPO Tax Command,"construction, bpo, logistics, finance, tax, itops, vendor, approval","DECISION / STRATEGY, EXECUTIVE / OUTCOME, REPORT / DELIVERY, INTAKE / DATA ENTRY",True,True,True,"workflow, steps","analyze, analysis, run, review, approve, generate, export, report, create, open, launch, continue, start","report, export, pdf, summary, letter","risk, exception, compliance, bottleneck, cost, revenue, error, anomaly, audit, missing, recovery",37,13,10
CRITICAL,86,html/case-tech.tsmatter.html,Case-Tech Command,"construction, logistics, finance, tax, itops, vendor, approval","DECISION / STRATEGY, EXECUTIVE / OUTCOME, REPORT / DELIVERY, INTAKE / DATA ENTRY",True,True,True,"workflow, steps","analyze, analysis, run, review, approve, generate, export, report, create, open, launch, continue, start","report, export, pdf, summary, letter","risk, exception, compliance, bottleneck, cost, revenue, error, anomaly, audit, missing, recovery",37,13,10
CRITICAL,86,html/construction-command.tsmatter.html,TSM | Construction Command,"construction, logistics, finance, tax, itops, vendor, approval","DECISION / STRATEGY, EXECUTIVE / OUTCOME, REPORT / DELIVERY, INTAKE / DATA ENTRY",True,True,True,"workflow, steps","analyze, analysis, run, review, approve, generate, export, report, create, open, launch, continue, start","report, export, pdf, summary, letter","risk, exception, compliance, bottleneck, cost, revenue, error, anomaly, audit, missing, recovery",37,13,10
CRITICAL,86,html/desert-financial.tsmatter.html,Desert Financial Command,"construction, logistics, finance, tax, itops, vendor, approval","DECISION / STRATEGY, EXECUTIVE / OUTCOME, REPORT / DELIVERY, INTAKE / DATA ENTRY",True,True,True,"workflow, steps","analyze, analysis, run, review, approve, generate, export, report, create, open, launch, continue, start","report, export, pdf, summary, letter","risk, exception, compliance, bottleneck, cost, revenue, error, anomaly, audit, missing, recovery",37,13,10
CRITICAL,86,html/financial-command.tsmatter.html,TSM | Financial Command,"construction, logistics, finance, tax, itops, vendor, approval","DECISION / STRATEGY, EXECUTIVE / OUTCOME, REPORT / DELIVERY, INTAKE / DATA ENTRY",True,True,True,"workflow, steps","analyze, analysis, run, review, approve, generate, export, report, create, open, launch, continue, start","report, export, pdf, summary, letter","risk, exception, compliance, bottleneck, cost, revenue, error, anomaly, audit, missing, recovery",37,13,10
CRITICAL,86,html/legal-pro/case-strategist.html,TSM Legal Main Strategist,"bpo, real estate, legal, property","INTAKE / ANALYSIS, DECISION / STRATEGY, EXECUTIVE / OUTCOME, REPORT / DELIVERY, INTAKE / DATA ENTRY",True,True,True,workflow,"analysis, run, execute, review, assign, escalate, resolve, generate, export, report, send, open, launch, continue, start","report, export, summary, executive, brief, letter, package","risk, leak, exposure, exception, compliance, overdue, backlog, bottleneck, revenue, error, failure, sla, audit, missing, unresolved, recovery",11,0,3
CRITICAL,86,html/pc-command.tsmatter.html,PC Command,"construction, insurance, logistics, finance, tax, itops, vendor, approval","DECISION / STRATEGY, EXECUTIVE / OUTCOME, REPORT / DELIVERY, INTAKE / DATA ENTRY",True,True,True,"workflow, steps","analyze, analysis, run, review, approve, generate, export, report, create, open, launch, continue, start","report, export, pdf, summary, letter","risk, exception, compliance, bottleneck, cost, revenue, error, anomaly, audit, missing, recovery",37,13,10
CRITICAL,86,html/reo-pro.tsmatter.html,REO Pro Command,"construction, mortgage, logistics, finance, tax, itops, vendor, approval","DECISION / STRATEGY, EXECUTIVE / OUTCOME, REPORT / DELIVERY, INTAKE / DATA ENTRY",True,True,True,"workflow, steps","analyze, analysis, run, review, approve, generate, export, report, create, open, launch, continue, start","report, export, pdf, summary, letter","risk, exception, compliance, bottleneck, cost, revenue, error, anomaly, audit, missing, recovery",37,13,10
CRITICAL,86,html/rrd-command.tsmatter.html,RRD Command,"construction, logistics, finance, tax, itops, vendor, approval","DECISION / STRATEGY, EXECUTIVE / OUTCOME, REPORT / DELIVERY, INTAKE / DATA ENTRY",True,True,True,"workflow, steps","analyze, analysis, run, review, approve, generate, export, report, create, open, launch, continue, start","report, export, pdf, summary, letter","risk, exception, compliance, bottleneck, cost, revenue, error, anomaly, audit, missing, recovery",37,13,10
CRITICAL,86,html/strategist00.tsmatter.html,Sovereign Strategist,"construction, logistics, finance, tax, itops, vendor, approval","DECISION / STRATEGY, EXECUTIVE / OUTCOME, REPORT / DELIVERY, INTAKE / DATA ENTRY",True,True,True,"workflow, steps","analyze, analysis, run, review, approve, generate, export, report, create, open, launch, continue, start","report, export, pdf, summary, letter","risk, exception, compliance, bottleneck, cost, revenue, error, anomaly, audit, missing, recovery",37,13,10
CRITICAL,86,html/tsm-shell-bpo-tax-portal.html,TSM Shell,"construction, bpo, logistics, finance, tax, itops, vendor, approval","DECISION / STRATEGY, EXECUTIVE / OUTCOME, REPORT / DELIVERY, INTAKE / DATA ENTRY",True,True,True,"workflow, steps","analyze, analysis, run, review, approve, generate, export, report, create, open, launch, continue, start","report, export, pdf, summary, letter","risk, exception, compliance, bottleneck, cost, revenue, error, anomaly, audit, missing, recovery",37,13,10
CRITICAL,85,html/finops-suite/finops-war/finops-executive-portal.html,FinOps Executive Portal · TSM,"healthcare, construction, bpo, finance, finops, vendor, approval","INTAKE / ANALYSIS, DECISION / STRATEGY, EXECUTIVE / OUTCOME, REPORT / DELIVERY, INTAKE / DATA ENTRY",True,True,True,steps,"analyze, analysis, run, review, approve, assign, escalate, generate, export, download, report, create, open, start","report, export, download, summary, executive, brief, letter, package","risk, exposure, exception, compliance, error, sla, audit, missing, recovery",12,3,0
CRITICAL,85,html/war-rooms/bpo-war/bpo-strategist.html,TSM · BPO Decision Intelligence,"healthcare, construction, bpo, mortgage, insurance, legal, finops, supplier","INTAKE / ANALYSIS, DECISION / STRATEGY, EXECUTIVE / OUTCOME, REPORT / DELIVERY, INTAKE / DATA ENTRY",True,True,True,workflow,"upload, analyze, analysis, run, execute, review, reject, assign, escalate, resolve, generate, export, download, report, save, create, open, launch, continue, start","report, export, download, summary, executive, snapshot, brief, letter, package","risk, loss, exposure, exception, denial, compliance, overdue, revenue, error, anomaly, failure, sla, audit, recovery",11,0,0
CRITICAL,84,html/construction-suite/construction-scenarios.html,Construction Operational Scenarios · TSM Academy,"construction, insurance, legal, finops, tax, itops, approval","INTAKE / ANALYSIS, DECISION / STRATEGY, EXECUTIVE / OUTCOME, REPORT / DELIVERY, INTAKE / DATA ENTRY",True,True,True,steps,"upload, import, analysis, run, review, resolve, generate, export, report, open, launch, start","report, export, pdf, xlsx, summary, executive, brief, letter, package","risk, exposure, compliance, backlog, delay, cost, error, sla, audit, unresolved",6,89,0
CRITICAL,84,html/construction-suite/financial.html,TSM Financial Intelligence Pro,"healthcare, construction, mortgage, insurance, legal, schools, finance, tax","INTAKE / ANALYSIS, DECISION / STRATEGY, EXECUTIVE / OUTCOME, REPORT / DELIVERY, AI / COPILOT, INTAKE / DATA ENTRY",True,True,True,"how-to, guide, steps","analyze, analysis, run, submit, review, generate, report, send, create, open, launch, start","report, summary, executive, brief, letter","risk, exposure, exception, compliance, overdue, delay, revenue, error, sla, audit, missing",21,0,1
CRITICAL,84,html/financial.html,TSM Financial Intelligence Pro,"healthcare, construction, mortgage, insurance, legal, schools, finance, tax","DECISION / STRATEGY, EXECUTIVE / OUTCOME, REPORT / DELIVERY, AI / COPILOT, INTAKE / DATA ENTRY",True,True,True,"how-to, guide, steps","analyze, analysis, run, submit, review, generate, report, send, create, open, launch, start","report, summary, executive, brief, letter","risk, exposure, exception, compliance, overdue, delay, revenue, error, sla, audit, missing",21,0,1
CRITICAL,84,html/finops-suite/index-elevated.html,TSM Financial Intelligence Pro,"healthcare, construction, mortgage, insurance, legal, schools, finance, finops","DECISION / STRATEGY, EXECUTIVE / OUTCOME, REPORT / DELIVERY, AI / COPILOT, INTAKE / DATA ENTRY",True,True,True,"how-to, guide, steps","analyze, analysis, run, submit, review, generate, report, send, create, open, launch, start","report, summary, executive, brief, letter","risk, exposure, exception, compliance, overdue, delay, revenue, error, sla, audit, missing",21,0,1
CRITICAL,84,html/hc-billing.tsmatter.html,HC Billing Command,"construction, logistics, finance, tax, itops, vendor, approval","DECISION / STRATEGY, EXECUTIVE / OUTCOME, REPORT / DELIVERY, INTAKE / DATA ENTRY",True,True,True,"workflow, steps","analyze, analysis, run, review, approve, generate, export, report, create, open, launch, start","report, export, pdf, summary, letter","risk, exception, compliance, bottleneck, cost, revenue, error, anomaly, audit, missing, recovery",37,13,10
CRITICAL,84,html/hc-compliance.tsmatter.html,HC Compliance Command,"construction, logistics, finance, tax, itops, vendor, approval","DECISION / STRATEGY, EXECUTIVE / OUTCOME, REPORT / DELIVERY, INTAKE / DATA ENTRY",True,True,True,"workflow, steps","analyze, analysis, run, review, approve, generate, export, report, create, open, launch, start","report, export, pdf, summary, letter","risk, exception, compliance, bottleneck, cost, revenue, error, anomaly, audit, missing, recovery",37,13,10
CRITICAL,84,html/hc-financial.tsmatter.html,HC Financial Command,"construction, logistics, finance, tax, itops, vendor, approval","DECISION / STRATEGY, EXECUTIVE / OUTCOME, REPORT / DELIVERY, INTAKE / DATA ENTRY",True,True,True,"workflow, steps","analyze, analysis, run, review, approve, generate, export, report, create, open, launch, start","report, export, pdf, summary, letter","risk, exception, compliance, bottleneck, cost, revenue, error, anomaly, audit, missing, recovery",37,13,10
CRITICAL,84,html/hc-grants.tsmatter.html,HC Grants Command,"construction, logistics, finance, tax, itops, vendor, approval","DECISION / STRATEGY, EXECUTIVE / OUTCOME, REPORT / DELIVERY, INTAKE / DATA ENTRY",True,True,True,"workflow, steps","analyze, analysis, run, review, approve, generate, export, report, create, open, launch, start","report, export, pdf, summary, letter","risk, exception, compliance, bottleneck, cost, revenue, error, anomaly, audit, missing, recovery",37,13,10
CRITICAL,84,html/hc-insurance.tsmatter.html,HC Insurance Command,"construction, insurance, logistics, finance, tax, itops, vendor, approval","DECISION / STRATEGY, EXECUTIVE / OUTCOME, REPORT / DELIVERY, INTAKE / DATA ENTRY",True,True,True,"workflow, steps","analyze, analysis, run, review, approve, generate, export, report, create, open, launch, start","report, export, pdf, summary, letter","risk, exception, compliance, bottleneck, cost, revenue, error, anomaly, audit, missing, recovery",37,13,10
CRITICAL,84,html/hc-legal.tsmatter.html,HC Legal Command,"construction, legal, logistics, finance, tax, itops, vendor, approval","DECISION / STRATEGY, EXECUTIVE / OUTCOME, REPORT / DELIVERY, INTAKE / DATA ENTRY",True,True,True,"workflow, steps","analyze, analysis, run, review, approve, generate, export, report, create, open, launch, start","report, export, pdf, summary, letter","risk, exception, compliance, bottleneck, cost, revenue, error, anomaly, audit, missing, recovery",37,13,10
CRITICAL,84,html/hc-medical.tsmatter.html,HC Medical Command,"construction, logistics, finance, tax, itops, vendor, approval","DECISION / STRATEGY, EXECUTIVE / OUTCOME, REPORT / DELIVERY, INTAKE / DATA ENTRY",True,True,True,"workflow, steps","analyze, analysis, run, review, approve, generate, export, report, create, open, launch, start","report, export, pdf, summary, letter","risk, exception, compliance, bottleneck, cost, revenue, error, anomaly, audit, missing, recovery",37,13,10
CRITICAL,84,html/hc-pharmacy.tsmatter.html,HC Pharmacy Command,"construction, logistics, finance, tax, itops, vendor, approval","DECISION / STRATEGY, EXECUTIVE / OUTCOME, REPORT / DELIVERY, INTAKE / DATA ENTRY",True,True,True,"workflow, steps","analyze, analysis, run, review, approve, generate, export, report, create, open, launch, start","report, export, pdf, summary, letter","risk, exception, compliance, bottleneck, cost, revenue, error, anomaly, audit, missing, recovery",37,13,10
CRITICAL,84,html/hc-strategist.tsmatter.html,HC Strategist Command,"construction, logistics, finance, tax, itops, vendor, approval","DECISION / STRATEGY, EXECUTIVE / OUTCOME, REPORT / DELIVERY, INTAKE / DATA ENTRY",True,True,True,"workflow, steps","analyze, analysis, run, review, approve, generate, export, report, create, open, launch, start","report, export, pdf, summary, letter","risk, exception, compliance, bottleneck, cost, revenue, error, anomaly, audit, missing, recovery",37,13,10
CRITICAL,84,html/hc-taxprep.tsmatter.html,HC Tax Prep Command,"construction, logistics, finance, tax, itops, vendor, approval","DECISION / STRATEGY, EXECUTIVE / OUTCOME, REPORT / DELIVERY, INTAKE / DATA ENTRY",True,True,True,"workflow, steps","analyze, analysis, run, review, approve, generate, export, report, create, open, launch, start","report, export, pdf, summary, letter","risk, exception, compliance, bottleneck, cost, revenue, error, anomaly, audit, missing, recovery",37,13,10
CRITICAL,84,html/hc-vendors.tsmatter.html,HC Vendors Command,"construction, logistics, finance, tax, itops, vendor, approval","DECISION / STRATEGY, EXECUTIVE / OUTCOME, REPORT / DELIVERY, INTAKE / DATA ENTRY",True,True,True,"workflow, steps","analyze, analysis, run, review, approve, generate, export, report, create, open, launch, start","report, export, pdf, summary, letter","risk, exception, compliance, bottleneck, cost, revenue, error, anomaly, audit, missing, recovery",37,13,10
CRITICAL,84,html/plant-incident.html,TSM · Plant Incident Command Center,"healthcare, construction, insurance, legal, finops, supplier","INTAKE / ANALYSIS, DECISION / STRATEGY, EXECUTIVE / OUTCOME, REPORT / DELIVERY, INTAKE / DATA ENTRY",True,True,True,steps,"import, analyze, analysis, run, review, assign, escalate, generate, export, download, report, send, save, create, open, continue, start","report, export, download, summary, executive, brief, letter, package","risk, loss, exposure, delay, cost, revenue, error, anomaly, failure, sla, missing",4,0,0
CRITICAL,84,html/sentinel-business-lab-demo.html,TSM Sentinel — Business Simulation Lab,"healthcare, construction, bpo, mortgage, real estate, insurance, legal, finance","EXECUTIVE / OUTCOME, REPORT / DELIVERY, AI / COPILOT, INTAKE / DATA ENTRY",True,True,True,"workflow, guide, steps","upload, import, analyze, analysis, run, review, approve, assign, export, create, open, start","export, pdf, csv, executive, letter","risk, leak, exposure, denial, compliance, bottleneck, delay, cost, revenue, error, failure, sla, audit",4,0,1
CRITICAL,84,html/war-rooms/legal-war/legal-executive-portal.html,TSM · Chief Strategist · Executive Portal,"healthcare, construction, bpo, insurance, legal, finops, vendor, approval","INTAKE / ANALYSIS, DECISION / STRATEGY, EXECUTIVE / OUTCOME, REPORT / DELIVERY, INTAKE / DATA ENTRY",True,True,True,steps,"import, analysis, run, review, approve, escalate, generate, export, download, create, open, continue, start","export, download, executive, brief, letter, package","risk, exposure, exception, denial, compliance, backlog, cost, error, anomaly, sla, audit",6,8,2
CRITICAL,83,html/appointments/index.html,TSM Healthcare Command Center · BNCA Full System,"healthcare, construction, insurance, legal, tax, itops, vendor","INTAKE / ANALYSIS, DECISION / STRATEGY, REPORT / DELIVERY, INTAKE / DATA ENTRY",True,True,True,workflow,"import, analysis, run, review, assign, escalate, resolve, export, download, report, send, save, create, open, launch, continue, start","report, export, download, summary, brief, letter","risk, exception, denial, compliance, backlog, bottleneck, delay, revenue, error, sla, audit, missing, unresolved, recovery",7,0,4
CRITICAL,83,html/construction-suite/compliance-hub.html,TSM Compliance Command | AI-Powered Regulatory Intelligence,"construction, tax, itops, vendor","INTAKE / ANALYSIS, DECISION / STRATEGY, EXECUTIVE / OUTCOME, REPORT / DELIVERY, AI / COPILOT, INTAKE / DATA ENTRY",True,True,True,steps,"import, analyze, analysis, run, review, resolve, generate, export, report, send, save, create, open, launch, start","report, export, pdf, summary, executive, letter","risk, exposure, compliance, overdue, delay, error, failure, sla, audit, missing, unresolved, recovery",43,0,14
CRITICAL,83,html/construction-suite/compliance.html,TSM Compliance Command | AI-Powered Regulatory Intelligence,"construction, tax, itops, vendor","INTAKE / ANALYSIS, DECISION / STRATEGY, EXECUTIVE / OUTCOME, REPORT / DELIVERY, AI / COPILOT, INTAKE / DATA ENTRY",True,True,True,steps,"import, analyze, analysis, run, review, resolve, generate, export, report, send, save, create, open, launch, start","report, export, pdf, summary, executive, letter","risk, exposure, compliance, overdue, delay, error, failure, sla, audit, missing, unresolved, recovery",43,0,14
CRITICAL,83,html/construction-suite/legal.html,Legal Analyst Pro · TSM Consultz,"healthcare, construction, bpo, real estate, legal, itops, property, vendor","INTAKE / ANALYSIS, DECISION / STRATEGY, EXECUTIVE / OUTCOME, REPORT / DELIVERY, INTAKE / DATA ENTRY",False,True,True,,"upload, import, analyze, analysis, run, submit, review, assign, generate, export, download, report, send, create, open, launch, start","report, export, download, pdf, csv, summary, executive, brief, letter","risk, exposure, exception, compliance, error, anomaly, sla, audit, missing",19,0,3
CRITICAL,83,html/construction-suite/tsm-construction-pitch.html,TSM Construction Command — Executive Intelligence Suite,"construction, legal, finance, finops, itops, approval","INTAKE / ANALYSIS, DECISION / STRATEGY, EXECUTIVE / OUTCOME, REPORT / DELIVERY, INTAKE / DATA ENTRY",True,True,True,"workflow, what to do","upload, analysis, run, execute, submit, review, resolve, generate, report, create, open, launch, start","report, summary, executive, letter","risk, loss, exposure, compliance, delay, cost, revenue, error, sla, audit, missing, unresolved, recovery, opportunity",9,23,4
CRITICAL,83,html/construction-wip.html,TSM · Construction WIP + Billing Intelligence,"construction, itops, approval","DECISION / STRATEGY, EXECUTIVE / OUTCOME, REPORT / DELIVERY, INTAKE / DATA ENTRY",True,True,True,steps,"import, analyze, analysis, run, submit, review, approve, escalate, resolve, generate, export, download, create, open, launch, start","export, download, excel, summary, executive, brief, letter, package","risk, cost, revenue, sla, audit, missing, unresolved",7,4,0
CRITICAL,83,html/dignity-exec-presentation.html,TSM Intelligence · Dignity Health Executive Brief,"healthcare, construction, legal, finops, itops, supplier","INTAKE / ANALYSIS, DECISION / STRATEGY, EXECUTIVE / OUTCOME, REPORT / DELIVERY, AI / COPILOT, INTAKE / DATA ENTRY",True,True,True,"workflow, next step, steps","upload, analysis, run, assign, generate, report, create, open, launch, start","report, summary, executive, brief, proposal, letter","risk, exposure, denial, compliance, backlog, delay, revenue, error, sla, audit, missing, recovery",2,11,0
CRITICAL,83,html/reo-command.html,Real Estate Command,"construction, bpo, mortgage, real estate, finance, tax, itops, property","INTAKE / ANALYSIS, DECISION / STRATEGY, EXECUTIVE / OUTCOME, REPORT / DELIVERY, INTAKE / DATA ENTRY",True,True,True,"next step, steps","analysis, run, review, generate, export, download, report, send, save, create, open, launch, start","report, export, download, executive, brief, letter","risk, exposure, compliance, cost, error, audit, missing",19,5,2
CRITICAL,83,html/tsm-insurance/compliance.html,TSM Compliance Command | AI-Powered Regulatory Intelligence,"construction, insurance, tax, itops, vendor","INTAKE / ANALYSIS, DECISION / STRATEGY, EXECUTIVE / OUTCOME, REPORT / DELIVERY, AI / COPILOT, INTAKE / DATA ENTRY",True,True,True,steps,"import, analyze, analysis, run, review, resolve, generate, export, report, send, save, create, open, launch, start","report, export, pdf, summary, executive, letter","risk, exposure, compliance, overdue, delay, error, failure, sla, audit, missing, unresolved, recovery",43,0,14
CRITICAL,83,html/tsm-staffing-readiness-demo.html,TSM — Staffing Readiness Command Center,"healthcare, construction, insurance, finance, finops, tax, crm","INTAKE / ANALYSIS, EXECUTIVE / OUTCOME, REPORT / DELIVERY, INTAKE / DATA ENTRY",True,True,True,"how to, workflow, steps","import, analysis, run, submit, review, generate, export, report, presentation, create, open, start","report, export, csv, excel, presentation, executive, letter","risk, loss, denial, compliance, bottleneck, cost, revenue, sla, audit",22,0,0
CRITICAL,82,html/candidate-intake.html,TSM Healthcare Intelligence Academy,"healthcare, insurance, finops, tax, supplier, approval","EXECUTIVE / OUTCOME, REPORT / DELIVERY, INTAKE / DATA ENTRY",True,True,True,"workflow, steps","analyze, run, submit, review, approve, reject, assign, resolve, generate, report, presentation, send, save, create, open, continue, start","report, presentation, summary, letter","exposure, exception, denial, delay, revenue, waste, error, failure, sla, missing",35,6,0
CRITICAL,82,html/cyber-incident.html,TSM · Cyber/OT Incident Command Center,"healthcare, construction, insurance, legal, finance, finops, supplier","INTAKE / ANALYSIS, DECISION / STRATEGY, EXECUTIVE / OUTCOME, REPORT / DELIVERY, INTAKE / DATA ENTRY",True,True,True,steps,"import, analyze, analysis, run, review, assign, escalate, generate, export, download, report, send, save, create, open, continue, start","report, export, download, summary, executive, brief, letter, package","risk, loss, exposure, compliance, cost, error, anomaly, sla, missing",4,0,0
CRITICAL,82,html/finops-main-strategist1.html,FinOps Main Strategist · TSM,"construction, finops, tax, itops, vendor, approval","DECISION / STRATEGY, EXECUTIVE / OUTCOME, REPORT / DELIVERY",True,True,True,workflow,"import, analysis, run, review, resolve, generate, export, report, presentation, send, save, open, launch, start","report, export, pdf, presentation, summary, executive, letter, package","risk, exception, compliance, delay, cost, revenue, error, audit, missing, opportunity",14,0,0
CRITICAL,82,html/finops-suite/finops-main-strategist/index1.html,FinOps Main Strategist · TSM,"construction, finops, tax, itops, vendor, approval","INTAKE / ANALYSIS, DECISION / STRATEGY, EXECUTIVE / OUTCOME, REPORT / DELIVERY",True,True,True,workflow,"import, analysis, run, review, resolve, generate, export, report, presentation, send, save, open, launch, start","report, export, pdf, presentation, summary, executive, letter, package","risk, exception, compliance, delay, cost, revenue, error, audit, missing, opportunity",14,0,0
CRITICAL,82,html/healthcare/hc-academy/hc-academy.html,TSM Healthcare Intelligence Academy,"healthcare, insurance, finops, tax, supplier, approval","INTAKE / ANALYSIS, EXECUTIVE / OUTCOME, REPORT / DELIVERY, INTAKE / DATA ENTRY",True,True,True,"workflow, steps","analyze, run, submit, review, approve, reject, assign, resolve, generate, report, presentation, send, save, create, open, continue, start","report, presentation, summary, letter","exposure, exception, denial, delay, revenue, waste, error, failure, sla, missing",35,6,0
CRITICAL,82,html/l1-copilot/enterprise-command-center.html,TSM Enterprise Command Center,"noc, vendor","INTAKE / ANALYSIS, AI / COPILOT, INTAKE / DATA ENTRY",True,True,True,"how to, guide, next step, steps","analyze, analysis, run, submit, assign, escalate, resolve, generate, send, create, open, start","summary, snapshot, letter","risk, loss, delay, error, anomaly, failure, sla",9,4,1
CRITICAL,82,html/suite-builder/index.html,TSM · Presentation Suite Builder,"healthcare, construction, bpo, mortgage, real estate, insurance, legal, schools","DECISION / STRATEGY, EXECUTIVE / OUTCOME, REPORT / DELIVERY, INTAKE / DATA ENTRY",True,True,True,"guide, next step, steps","import, analysis, run, review, generate, presentation, create, open, launch, start","presentation, deck, executive, letter","risk, exposure, compliance, delay, cost, revenue, error, sla, audit, missing",14,3,1
CRITICAL,82,html/war-rooms/mortgage/mortgage-executive-portal.html,TSM &middot; Mortgage Command Center Executive Portal,"healthcare, construction, bpo, mortgage, insurance, legal, finops, approval","INTAKE / ANALYSIS, DECISION / STRATEGY, EXECUTIVE / OUTCOME, REPORT / DELIVERY, INTAKE / DATA ENTRY",True,True,True,next step,"analysis, run, review, approve, reject, escalate, resolve, export, download, create, open, continue, start","export, download, summary, executive, snapshot, letter, package","risk, exposure, exception, compliance, delay, error, anomaly, sla, audit, unresolved",2,2,0
CRITICAL,81,html/finops-suite/finops-showcase/index.html,TSM · FINOPS DOC SHOWCASE,"construction, finops, itops, vendor","INTAKE / ANALYSIS, DECISION / STRATEGY, REPORT / DELIVERY, AI / COPILOT, INTAKE / DATA ENTRY",True,True,True,"how to, how-to, steps","upload, analyze, analysis, run, review, approve, generate, report, send, save, launch","report, pdf, csv, excel, summary, letter","risk, exception, overdue, delay, revenue, error, audit, missing",6,0,1
CRITICAL,81,html/finops-suite/study-guide.html,TSM Platform Guide · How To Use Everything,"healthcare, insurance, legal, finance, finops, tax, vendor","INTAKE / ANALYSIS, EXECUTIVE / OUTCOME, REPORT / DELIVERY, INTAKE / DATA ENTRY",True,True,True,"how to, how-to, getting started, start here, workflow, guide, instructions, steps","analysis, run, execute, review, resolve, generate, report, open, launch, start","report, executive, brief, letter, package","risk, exception, denial, compliance, revenue, sla, audit, recovery",0,30,0
CRITICAL,81,html/mortgage/index.html,TSM Financial Intelligence Pro,"healthcare, construction, mortgage, insurance, legal, schools, finance, tax","DECISION / STRATEGY, EXECUTIVE / OUTCOME, REPORT / DELIVERY, AI / COPILOT, INTAKE / DATA ENTRY",True,True,True,"how-to, guide, steps","import, analyze, analysis, run, submit, review, generate, report, send, create, open, launch, start","report, summary, executive, brief, letter","risk, exposure, exception, compliance, overdue, delay, revenue, error, sla, audit, missing",20,0,0
CRITICAL,81,html/pc-command/index.html,P&C Enterprise Command · TSM,"healthcare, construction, bpo, insurance, legal, tax, itops, property","DECISION / STRATEGY, EXECUTIVE / OUTCOME, REPORT / DELIVERY, INTAKE / DATA ENTRY",True,True,True,workflow,"upload, import, analysis, run, submit, review, assign, escalate, resolve, generate, export, report, save, create, open, launch, start","report, export, summary, executive, brief, letter, package","risk, loss, exposure, exception, denial, compliance, backlog, cost, revenue, sla, audit, missing, unresolved, recovery, opportunity",18,0,0
CRITICAL,81,html/sentinel-center.html,TSM Sentinel Strategist Center,"healthcare, construction, bpo, mortgage, real estate, insurance, legal, schools","INTAKE / ANALYSIS, DECISION / STRATEGY, EXECUTIVE / OUTCOME, REPORT / DELIVERY, AI / COPILOT, INTAKE / DATA ENTRY",False,True,True,,"upload, import, analysis, run, approve, escalate, resolve, generate, export, download, report, send, save, create, open, continue, start","report, export, download, executive, snapshot, letter, package","risk, exposure, denial, compliance, bottleneck, delay, cost, revenue, error, anomaly, failure, sla, audit, missing, unresolved, recovery, opportunity",7,0,2
CRITICAL,81,html/war-rooms/music-war/demo-conductor.html,TSM ZY Music Suite · Demo Conductor,"construction, itops, catalog","DECISION / STRATEGY, REPORT / DELIVERY, INTAKE / DATA ENTRY",True,True,True,"how to, how-to, workflow, guide, what to do, steps","import, analysis, run, reject, generate, presentation, send, save, create, open, launch, continue, start","presentation, deck, letter","error, audit, missing",7,1,2
CRITICAL,80,html/construction-suite/property-accounting-revenue-cycle.html,TSM · Construction · Property Accounting & Revenue Cycle,"construction, mortgage, insurance, finops, tax, property, vendor, approval","DECISION / STRATEGY, EXECUTIVE / OUTCOME, REPORT / DELIVERY, INTAKE / DATA ENTRY",True,True,True,"workflow, steps","analysis, run, review, approve, reject, assign, escalate, resolve, presentation, send, save, create, open","presentation, summary, executive, brief, letter, package","exception, compliance, cost, revenue, error, sla, audit, missing",6,0,3
CRITICAL,80,html/healthcare-demo-script.html,Healthcare RCM WIP — Live Demo Script,"healthcare, construction, insurance, finops, vendor","DECISION / STRATEGY, EXECUTIVE / OUTCOME, REPORT / DELIVERY, AI / COPILOT, INTAKE / DATA ENTRY",True,True,True,"workflow, what to do, steps","import, analysis, run, execute, submit, review, generate, export, presentation, open, launch, start","export, excel, presentation, executive, brief, letter","risk, leak, denial, cost, revenue, error, audit, missing, recovery",3,0,0
CRITICAL,80,html/honorhealth-revenue-leak-snapshot.html,HonorHealth — Revenue Leak Snapshot | TSM Consultz,"healthcare, insurance, finops","INTAKE / ANALYSIS, DECISION / STRATEGY, EXECUTIVE / OUTCOME, REPORT / DELIVERY, INTAKE / DATA ENTRY",True,True,True,"workflow, steps","upload, analyze, analysis, run, submit, review, approve, generate, export, report, save, open, start","report, export, deck, executive, snapshot, brief, letter, package","risk, leak, exposure, exception, denial, compliance, delay, cost, revenue, failure, missing, recovery",0,0,0
CRITICAL,80,html/hotelops/hotelops-executive-portal.html,GID &middot; HotelOps Executive Portal,"healthcare, construction, bpo, mortgage, insurance, legal, schools, hotel","INTAKE / ANALYSIS, DECISION / STRATEGY, EXECUTIVE / OUTCOME, REPORT / DELIVERY, AI / COPILOT, INTAKE / DATA ENTRY",True,True,True,workflow,"analysis, run, review, approve, assign, escalate, resolve, export, download, report, create, open, continue, start","report, export, download, summary, executive, letter, package","risk, exposure, exception, compliance, revenue, sla, audit, unresolved",2,2,0
CRITICAL,80,html/legal-main-strategist.html,TSM · Case Strategist · Legal-Pro,legal,"INTAKE / ANALYSIS, DECISION / STRATEGY, EXECUTIVE / OUTCOME, REPORT / DELIVERY, INTAKE / DATA ENTRY",False,True,True,,"import, analyze, analysis, run, review, assign, escalate, generate, export, download, report, create, open, start","report, export, download, summary, executive, brief, letter, package","risk, loss, exposure, delay, cost, error, anomaly, sla, recovery",7,7,0
CRITICAL,80,html/tsm-consultz-access.html,TSM Client Access — Sovereign Intelligence Portal,"healthcare, construction, bpo, real estate, insurance, legal, finops, vendor","INTAKE / ANALYSIS, DECISION / STRATEGY, EXECUTIVE / OUTCOME, REPORT / DELIVERY, INTAKE / DATA ENTRY",False,True,True,,"upload, import, analysis, run, execute, review, approve, assign, escalate, generate, export, report, save, create, open, launch, start","report, export, pdf, csv, summary, executive, letter","risk, exposure, exception, denial, error, sla, audit",17,3,14
CRITICAL,80,html/war-rooms/mortgage/mortgage-war-room.html,TSM Mortgage Command Center,"construction, mortgage","INTAKE / ANALYSIS, DECISION / STRATEGY, EXECUTIVE / OUTCOME, REPORT / DELIVERY, AI / COPILOT, INTAKE / DATA ENTRY",True,True,True,"how to, how-to, workflow, guide","analysis, run, submit, review, assign, generate, report, save, create, open, start","report, summary, executive, snapshot, letter","risk, exposure, exception, compliance, delay, cost, anomaly, sla, missing",6,0,0
CRITICAL,79,html/inty-power-finops-presentation.html,TSM FinOps · Inty Power Staff Accountant,"construction, finops, tax, itops, supplier, vendor","DECISION / STRATEGY, EXECUTIVE / OUTCOME, REPORT / DELIVERY, AI / COPILOT, INTAKE / DATA ENTRY",True,True,True,"workflow, steps","upload, analyze, analysis, run, generate, report, presentation, save, create, open, launch, start","report, presentation, executive, proposal, letter","leak, loss, compliance, overdue, delay, cost, revenue, sla, audit, missing, opportunity",2,10,0
CRITICAL,79,html/inty-power-finops-presentation/index.html,TSM FinOps · Inty Power Staff Accountant,"construction, finops, tax, itops, supplier, vendor","DECISION / STRATEGY, EXECUTIVE / OUTCOME, REPORT / DELIVERY, AI / COPILOT, INTAKE / DATA ENTRY",True,True,True,"workflow, steps","upload, analyze, analysis, run, generate, report, presentation, save, create, open, launch, start","report, presentation, executive, proposal, letter","leak, loss, compliance, overdue, delay, cost, revenue, sla, audit, missing, opportunity",2,10,0
CRITICAL,79,html/supplier-shutdown.html,TSM · Supplier Shutdown War Room,"healthcare, construction, legal, logistics, finops, supplier, vendor","INTAKE / ANALYSIS, DECISION / STRATEGY, EXECUTIVE / OUTCOME, REPORT / DELIVERY, INTAKE / DATA ENTRY",False,True,True,,"import, analyze, analysis, run, review, assign, escalate, generate, export, download, report, send, save, create, open, continue, start","report, export, download, summary, executive, brief, letter, package","risk, exposure, delay, cost, revenue, error, anomaly, sla, missing, recovery",4,0,0
CRITICAL,79,html/tsm-app-rationalizer.html,TSM Shell · Portfolio Rationalizer,"healthcare, construction, bpo, mortgage, insurance, legal, schools, hotel","DECISION / STRATEGY, EXECUTIVE / OUTCOME, REPORT / DELIVERY, AI / COPILOT, INTAKE / DATA ENTRY",True,True,True,"how-to, workflow, guide","upload, analyze, analysis, review, export, download, presentation, save, create, open, launch","export, download, csv, presentation, executive, snapshot, proposal, letter","denial, compliance, anomaly, audit",9,0,2
CRITICAL,79,html/tsm-insurance/legal.html,Legal Analyst Pro · TSM Consultz,"healthcare, construction, bpo, real estate, insurance, legal, itops, property","INTAKE / ANALYSIS, DECISION / STRATEGY, EXECUTIVE / OUTCOME, REPORT / DELIVERY, INTAKE / DATA ENTRY",False,True,True,,"upload, import, analyze, analysis, run, review, assign, generate, export, download, report, send, create, open, launch, start","report, export, download, pdf, csv, summary, executive, brief, letter","risk, exposure, exception, compliance, error, audit, missing",18,0,3
CRITICAL,79,html/war-rooms/insure-war/insurance-executive-portal.html,Insurance Executive Portal · TSM,"healthcare, construction, bpo, insurance, finops, approval","INTAKE / ANALYSIS, DECISION / STRATEGY, EXECUTIVE / OUTCOME, REPORT / DELIVERY, INTAKE / DATA ENTRY",True,True,True,steps,"analysis, run, review, escalate, generate, export, download, create, open, start","export, download, summary, executive, snapshot, brief, letter, package","risk, exposure, exception, denial, compliance, error, anomaly, sla, audit, recovery, opportunity",10,3,0
CRITICAL,79,html/war-rooms/pm-copilot/pm-exec-portal.html,TSM &middot; PM Copilot Executive Portal,"healthcare, construction, bpo, mortgage, insurance, legal, schools, finops","INTAKE / ANALYSIS, DECISION / STRATEGY, EXECUTIVE / OUTCOME, REPORT / DELIVERY, AI / COPILOT, INTAKE / DATA ENTRY",False,True,True,,"analysis, run, review, approve, reject, assign, escalate, resolve, export, download, create, open, continue, start","export, download, summary, executive, snapshot, letter, package","risk, exposure, exception, compliance, delay, error, anomaly, sla, audit, unresolved",2,2,0
CRITICAL,78,html/concierge-command.html,TSM | Concierge Command,"construction, hotel, hotelops, tax, itops, property","DECISION / STRATEGY, EXECUTIVE / OUTCOME, REPORT / DELIVERY, AI / COPILOT, INTAKE / DATA ENTRY",True,True,True,steps,"upload, import, analyze, analysis, run, review, generate, report, send, create, open, launch, start","report, executive, snapshot, letter","risk, exposure, compliance, delay, cost, revenue, error, sla, audit, missing, recovery, opportunity",4,5,8
CRITICAL,77,html/ep1.html,TSM Executive Portal v2,"healthcare, construction, insurance, legal, finance, finops, tax","DECISION / STRATEGY, EXECUTIVE / OUTCOME, REPORT / DELIVERY, INTAKE / DATA ENTRY",True,True,True,"workflow, guide","upload, analysis, submit, review, approve, assign, resolve, generate, report, save, create, start","report, summary, executive, letter, package","risk, exposure, exception, denial, compliance, backlog, sla, audit, missing",7,1,0
CRITICAL,77,html/finops-suite/doc-analysis-tab1.html,TSM FinOps Intelligence · Document Processor,"legal, finance, finops, tax, vendor, approval","INTAKE / ANALYSIS, EXECUTIVE / OUTCOME, REPORT / DELIVERY, AI / COPILOT, INTAKE / DATA ENTRY",True,True,True,steps,"upload, import, analyze, analysis, run, review, approve, assign, escalate, resolve, generate, report, send, create, open, start","report, summary, brief, letter","risk, loss, exposure, exception, compliance, overdue, delay, revenue, error, failure, sla, audit, missing, unresolved",12,0,5
CRITICAL,77,html/war-rooms/music-war/how-to-guide.html,Music Command Center — How To Guide,"construction, itops, catalog","INTAKE / ANALYSIS, DECISION / STRATEGY, REPORT / DELIVERY, INTAKE / DATA ENTRY",True,True,True,"how to, getting started, workflow, guide, instructions, next step, steps","upload, import, analyze, analysis, run, review, reject, escalate, resolve, generate, export, send, save, create, open, launch, continue, start","export, brief, letter","error, sla, audit, missing",0,14,0
CRITICAL,76,html/bpo-files/tsm-staffing-intelligence.html,TSM · Staffing Intelligence Platform,"healthcare, construction, bpo, insurance, legal, finance, finops, tax","INTAKE / ANALYSIS, DECISION / STRATEGY, EXECUTIVE / OUTCOME, REPORT / DELIVERY, INTAKE / DATA ENTRY",True,True,True,workflow,"upload, analysis, run, execute, submit, review, escalate, generate, export, report, create, open, start","report, export, pdf, executive, letter","risk, exposure, exception, denial, compliance, bottleneck, delay, cost, revenue, error, sla, missing, recovery, opportunity",16,19,0
CRITICAL,76,html/l1-copilot/vmware-copilot.html,TSM VMware Operations Copilot,catalog,"EXECUTIVE / OUTCOME, REPORT / DELIVERY, AI / COPILOT, INTAKE / DATA ENTRY",True,True,True,"workflow, next step, steps","upload, run, execute, submit, review, assign, escalate, generate, report, send, create, open, start","report, summary, snapshot, letter","delay, error, failure, missing",30,1,2
CRITICAL,76,html/tsm-solutions.html,TSM — Total Solution Management,"healthcare, construction, bpo, real estate, insurance, legal, finance, finops","INTAKE / ANALYSIS, DECISION / STRATEGY, EXECUTIVE / OUTCOME, REPORT / DELIVERY, INTAKE / DATA ENTRY",True,True,True,"how to, workflow, guide, steps","upload, analysis, run, review, generate, report, open, launch, start","report, summary, executive, brief, letter","risk, exposure, denial, compliance, cost, revenue, anomaly, sla, missing",0,36,0
CRITICAL,76,html/tsm-strategy.html,TSM Matter — Master Strategy <title>TSM Matter — Master Strategy & RRD Pitch,"healthcare, construction, bpo, mortgage, real estate, insurance, legal, hotel","INTAKE / ANALYSIS, DECISION / STRATEGY, EXECUTIVE / OUTCOME, REPORT / DELIVERY, INTAKE / DATA ENTRY",True,True,True,"workflow, steps","upload, import, analyze, analysis, run, review, approve, report, presentation, save, create, open, launch, start","report, presentation, deck, letter, package","risk, exception, compliance, cost, revenue, sla, audit, missing, opportunity",0,10,0
CRITICAL,75,html/construction-suite/construct-pitch.html,TSM · Construction Suite,"construction, insurance, legal, tax, itops, approval","INTAKE / ANALYSIS, DECISION / STRATEGY, REPORT / DELIVERY, INTAKE / DATA ENTRY",True,True,True,"start here, workflow, steps","analysis, run, review, approve, escalate, resolve, generate, export, report, open, start","report, export, summary, letter, package","risk, exposure, compliance, bottleneck, delay, cost, audit, recovery, opportunity",0,32,0
CRITICAL,75,html/hotelops/hotelops-howto.html,GID | HotelOps — How-To Guide,"hotel, hotelops, property","INTAKE / ANALYSIS, DECISION / STRATEGY, EXECUTIVE / OUTCOME, REPORT / DELIVERY, AI / COPILOT, INTAKE / DATA ENTRY",True,True,True,"how to, how-to, guide, what to do","import, run, review, escalate, export, save, create, open","export, summary, executive, snapshot, brief, letter","risk, leak, exposure, compliance, overdue, revenue, sla, audit",0,17,0
CRITICAL,75,html/strategist-index.html,Sovereign Strategist | The Ultimate Business Consultant,"construction, mortgage, real estate, insurance, legal, schools, hotel, hotelops","INTAKE / ANALYSIS, DECISION / STRATEGY, EXECUTIVE / OUTCOME, REPORT / DELIVERY, AI / COPILOT, INTAKE / DATA ENTRY",True,True,True,"workflow, steps","analysis, run, review, reject, resolve, report, send, create, open, launch, start","report, csv, executive, letter","risk, exposure, compliance, delay, error, sla, audit, missing",19,97,1
CRITICAL,74,html/finops-suite/finops-main-strategist/main-strategist.html,FinOps Main Strategist,"finops, tax, vendor, approval","INTAKE / ANALYSIS, DECISION / STRATEGY, EXECUTIVE / OUTCOME, REPORT / DELIVERY, INTAKE / DATA ENTRY",True,True,True,workflow,"analysis, run, review, approve, escalate, resolve, generate, report, save, create, open, launch, continue, start","report, summary, executive, brief, letter","risk, exposure, compliance, error, sla, audit, missing, opportunity",2,0,1
CRITICAL,74,html/property-accountant-demo-presentation.html,TSM &middot; Property Accountant &middot; Demo Presentation,"healthcare, construction, insurance, tax, property, vendor, approval","INTAKE / ANALYSIS, DECISION / STRATEGY, EXECUTIVE / OUTCOME, REPORT / DELIVERY, INTAKE / DATA ENTRY",True,True,True,"workflow, steps","analysis, run, approve, reject, escalate, resolve, generate, presentation, send, save, open, launch, start","presentation, summary, executive, snapshot, brief, letter, package","exception, compliance, revenue, sla, audit, missing",0,10,0
CRITICAL,73,html/tsm-insurance/ce-study-prep.html,TSM CE Study Prep — Insurance Exam Preparation,"insurance, legal, property","INTAKE / ANALYSIS, REPORT / DELIVERY, AI / COPILOT, INTAKE / DATA ENTRY",True,True,True,guide,"import, analysis, run, review, generate, presentation, create, open, launch, start","excel, presentation, deck, summary, letter","risk, loss, compliance, delay, cost, waste, error, sla, missing",40,12,2
CRITICAL,72,html/compliance/index.html,TSM Compliance Command | AI-Powered Regulatory Intelligence,"healthcare, construction, itops, vendor","DECISION / STRATEGY, EXECUTIVE / OUTCOME, REPORT / DELIVERY, AI / COPILOT, INTAKE / DATA ENTRY",True,True,True,guide,"import, analyze, analysis, run, review, generate, report, send, create, open, launch, start","report, summary, executive, brief, letter","risk, denial, compliance, overdue, revenue, waste, error, audit, missing",20,0,6
CRITICAL,72,html/doc-search.html,TSM Universal Intake · Document Router,"healthcare, construction, bpo, insurance, legal, finops, vendor, approval","INTAKE / ANALYSIS, EXECUTIVE / OUTCOME, REPORT / DELIVERY, INTAKE / DATA ENTRY",True,True,True,workflow,"upload, analyze, execute, submit, review, resolve, report, save, create, open, start","report, pdf, csv, brief, letter","risk, exposure, denial, compliance, overdue, revenue, error, sla, audit, missing",18,0,4
CRITICAL,72,html/healthcare/hc-academy/tsm-hc-demo-trail.html,TSM Healthcare · PoC Demo Trail,"healthcare, insurance, legal","INTAKE / ANALYSIS, DECISION / STRATEGY, EXECUTIVE / OUTCOME, REPORT / DELIVERY, INTAKE / DATA ENTRY",True,True,True,"next step, steps","upload, import, analyze, analysis, review, assign, escalate, generate, report, open, start","report, executive, brief, letter, package","risk, exposure, exception, denial, compliance, overdue, revenue, sla, audit, missing, recovery",3,0,0
CRITICAL,72,html/tsm-insurance/tsm-ins-demo-trail.html,TSM Insurance · PoC Demo Trail,"bpo, insurance","INTAKE / ANALYSIS, DECISION / STRATEGY, EXECUTIVE / OUTCOME, REPORT / DELIVERY, INTAKE / DATA ENTRY",True,True,True,"workflow, next step, steps","upload, import, analysis, review, escalate, generate, report, presentation, open, start","report, presentation, executive, brief, letter, package","risk, exposure, denial, compliance, sla, audit, recovery",3,0,0
CRITICAL,70,html/agents-ins.html,TSM Insurance Intelligence — AI for Insurance Professionals,"construction, insurance, itops, supplier, crm, approval","INTAKE / ANALYSIS, DECISION / STRATEGY, EXECUTIVE / OUTCOME, REPORT / DELIVERY, AI / COPILOT, INTAKE / DATA ENTRY",True,True,True,guide,"import, analysis, run, submit, review, approve, report, send, save, create, open, launch, start","report, letter","risk, exposure, compliance, cost, revenue, error, sla, audit, missing",3,29,7
CRITICAL,70,html/agents-ins/index.html,TSM Insurance Intelligence — AI for Insurance Professionals,"construction, insurance, itops, supplier, crm, approval","INTAKE / ANALYSIS, DECISION / STRATEGY, EXECUTIVE / OUTCOME, REPORT / DELIVERY, AI / COPILOT, INTAKE / DATA ENTRY",True,True,True,guide,"import, analysis, run, submit, review, approve, report, send, save, create, open, launch, start","report, letter","risk, exposure, compliance, cost, revenue, error, sla, audit, missing",2,29,6
CRITICAL,70,html/healthcare/suite-index.html,TSM · Healthcare Suite,"healthcare, construction, bpo, insurance, legal, finops, tax, itops","INTAKE / ANALYSIS, DECISION / STRATEGY, EXECUTIVE / OUTCOME, AI / COPILOT, INTAKE / DATA ENTRY",True,True,True,"how to, workflow, guide","import, analysis, run, review, assign, escalate, resolve, create, launch, start","summary, executive, snapshot, letter","risk, exposure, denial, compliance, revenue, sla, audit, missing, unresolved",0,17,0
CRITICAL,70,html/war-rooms/schools-command/schools-executive-portal.html,TSM &middot; Schools Command Center Executive Portal,"healthcare, construction, bpo, mortgage, insurance, legal, schools, finops","INTAKE / ANALYSIS, DECISION / STRATEGY, EXECUTIVE / OUTCOME, REPORT / DELIVERY, INTAKE / DATA ENTRY",False,True,True,,"analysis, run, review, approve, escalate, resolve, export, download, create, open, continue, start","export, download, summary, executive, letter, package","risk, exposure, exception, compliance, delay, anomaly, sla, audit, unresolved",2,2,0
CRITICAL,69,html/construction-suite/doc-showcase2.html,Document Hub — Construction Suite,"construction, insurance, itops, vendor","INTAKE / ANALYSIS, DECISION / STRATEGY, REPORT / DELIVERY, AI / COPILOT, INTAKE / DATA ENTRY",False,True,True,,"upload, analyze, analysis, run, execute, review, approve, report, send, open, launch, continue, start","report, pdf, xlsx, summary, letter","risk, denial, compliance, delay, revenue, error, sla, audit, missing",36,0,3
CRITICAL,69,html/reo-pro/mortgage/index.html,TSM | Mortgage Command,"construction, bpo, mortgage, tax, itops, property","DECISION / STRATEGY, EXECUTIVE / OUTCOME, REPORT / DELIVERY, AI / COPILOT, INTAKE / DATA ENTRY",True,True,True,steps,"import, analyze, analysis, run, review, resolve, generate, report, send, create, open, launch, start","report, executive, letter","risk, compliance, delay, error, sla, audit, missing",4,5,8
CRITICAL,69,html/war-rooms/pm-copilot/pm-command.html,TSM | PM Copilot War Room,"construction, bpo, mortgage, insurance, schools, hotel, hotelops, finance","INTAKE / ANALYSIS, DECISION / STRATEGY, EXECUTIVE / OUTCOME, REPORT / DELIVERY, AI / COPILOT, INTAKE / DATA ENTRY",False,True,True,,"analyze, analysis, run, review, assign, escalate, resolve, generate, report, send, save, create, open, launch, start","report, summary, letter","risk, leak, exposure, compliance, delay, cost, revenue, error, anomaly, sla, audit, missing, unresolved",7,2,0
CRITICAL,68,html/war-rooms/pm-copilot/pm-strategist.html,TSM &middot; PM Copilot Strategist,"healthcare, bpo, mortgage, real estate, insurance, legal, hotel, hotelops","INTAKE / ANALYSIS, DECISION / STRATEGY, EXECUTIVE / OUTCOME, REPORT / DELIVERY, AI / COPILOT, INTAKE / DATA ENTRY",True,True,True,next step,"analyze, analysis, run, submit, assign, escalate, export, report, open","report, export, summary, executive, letter","risk, loss, exposure, compliance, delay, revenue, anomaly, sla, audit, missing, recovery",2,3,0
CRITICAL,67,html/finops-suite/copilot.html,TSM FinOps · Staff Accountant Copilot,"construction, finops, tax, itops, vendor","INTAKE / ANALYSIS, DECISION / STRATEGY, AI / COPILOT",True,True,True,"how to, start here, workflow, guide, quick start, what to do","analysis, run, review, resolve, open, launch, start","summary, letter","risk, exposure, compliance, delay, audit, missing",10,7,0
CRITICAL,67,html/war-rooms/bpo-war/bpo-demo-presentation.html,TSM &middot; BPO / Supply Chain &middot; Demo Presentation,"healthcare, construction, bpo, supplier","INTAKE / ANALYSIS, DECISION / STRATEGY, EXECUTIVE / OUTCOME, REPORT / DELIVERY, INTAKE / DATA ENTRY",True,True,True,"workflow, steps","run, escalate, resolve, generate, presentation, send, create, open, launch, start","presentation, summary, executive, brief, letter","risk, exposure, exception, revenue, failure, sla",2,12,0
CRITICAL,66,html/l1-copilot/noc/noc-executive-portal.html,TSM &middot; NOC Command Center Executive Portal,"healthcare, construction, bpo, mortgage, insurance, legal, schools, finops","INTAKE / ANALYSIS, DECISION / STRATEGY, EXECUTIVE / OUTCOME, REPORT / DELIVERY, AI / COPILOT, INTAKE / DATA ENTRY",False,True,True,,"analysis, run, review, approve, escalate, resolve, export, download, create, open, continue, start","export, download, summary, executive, letter, package","risk, exposure, exception, revenue, sla, audit, unresolved",2,2,0
CRITICAL,66,html/reo-pro/pack-index.html,TSM Mortgage Rescue Pack Library,"construction, mortgage, real estate, insurance, legal, finance, tax, property","INTAKE / ANALYSIS, EXECUTIVE / OUTCOME, REPORT / DELIVERY, INTAKE / DATA ENTRY",True,True,True,guide,"analysis, run, submit, review, approve, generate, report, presentation, create, open, launch, start","report, presentation, executive, letter","risk, loss, exposure, exception, denial, compliance, cost, failure, sla, audit, opportunity",23,0,0
CRITICAL,65,html/hotelops/hotelops-strategist.html,GID &middot; HotelOps Strategist,"healthcare, bpo, mortgage, insurance, hotel, hotelops, finops, property","INTAKE / ANALYSIS, DECISION / STRATEGY, EXECUTIVE / OUTCOME, REPORT / DELIVERY, INTAKE / DATA ENTRY",True,True,True,"workflow, next step","analysis, run, assign, escalate, export, report, create, open, continue","report, export, summary, executive, letter","risk, exposure, compliance, sla, audit, recovery",1,2,0
CRITICAL,65,html/war-rooms/schools-command/schools-strategist.html,TSM &middot; Schools Command Center Strategist,"mortgage, schools","INTAKE / ANALYSIS, DECISION / STRATEGY, EXECUTIVE / OUTCOME, REPORT / DELIVERY, INTAKE / DATA ENTRY",True,True,True,next step,"analysis, run, submit, review, assign, escalate, export, report, open, continue","report, export, summary, executive, letter, package","exposure, exception, compliance, delay, sla, recovery",1,2,0
CRITICAL,64,html/construction-demo-presentation.html,TSM &middot; Construction &middot; Demo Presentation,"healthcare, construction","INTAKE / ANALYSIS, DECISION / STRATEGY, EXECUTIVE / OUTCOME, REPORT / DELIVERY, INTAKE / DATA ENTRY",True,True,True,"workflow, steps","analyze, analysis, run, execute, review, escalate, resolve, presentation, save, open, launch, start","presentation, executive, brief, proposal, letter","risk, exposure, exception, delay, sla",0,16,0
CRITICAL,64,html/tsm-insurance/tsm-insurance-suite-index.html,TSM · Insurance Suite,"healthcare, construction, insurance, finops, itops","INTAKE / ANALYSIS, DECISION / STRATEGY, EXECUTIVE / OUTCOME, REPORT / DELIVERY, AI / COPILOT, INTAKE / DATA ENTRY",True,True,True,"how to, workflow, guide","analyze, analysis, run, review, assign, presentation, launch","presentation, deck, letter","risk, loss, compliance, delay, anomaly, sla, audit, missing",1,22,0
CRITICAL,64,html/tsm-pitch.html,TSM — Total Solution Management,"healthcare, construction, bpo, insurance, finops, supplier","INTAKE / ANALYSIS, DECISION / STRATEGY, REPORT / DELIVERY, INTAKE / DATA ENTRY",True,True,True,"how to, workflow, guide, steps","analysis, run, generate, report, open, launch, start","report, brief, letter","risk, exposure, denial, compliance, revenue, anomaly, sla, missing",0,18,0
CRITICAL,63,html/war-rooms/honeywell-howto.html,TSM | Honeywell — How-To Guide,"property, supplier","INTAKE / ANALYSIS, DECISION / STRATEGY, EXECUTIVE / OUTCOME, REPORT / DELIVERY, AI / COPILOT",True,True,True,"how to, how-to, guide","analyze, analysis, run, review, escalate, report, create, open","report, executive, brief, letter, package","risk, loss, exposure, delay, revenue, failure",0,12,0
CRITICAL,62,html/bpo-service-delivery-system.html,TSM-Consultz — BPO Service Delivery System,"healthcare, construction, bpo, mortgage, real estate, insurance, legal, schools","INTAKE / ANALYSIS, DECISION / STRATEGY, EXECUTIVE / OUTCOME, REPORT / DELIVERY, INTAKE / DATA ENTRY",True,True,True,steps,"run, execute, submit, review, reject, escalate, resolve, report, send, open","report, summary, executive, letter","risk, exposure, exception, denial, compliance, backlog, sla, audit, missing, recovery",0,27,0
CRITICAL,62,html/pricing1.html,TSMatter · Pricing,"healthcare, construction, bpo, mortgage, real estate, insurance, legal, tax","INTAKE / ANALYSIS, DECISION / STRATEGY, EXECUTIVE / OUTCOME, REPORT / DELIVERY, INTAKE / DATA ENTRY",False,True,True,,"import, analysis, run, review, report, send, save, create, launch, start","report, summary, letter, package","risk, exception, denial, compliance, delay, cost, revenue, sla, audit, missing",2,13,0
CRITICAL,62,html/war-rooms/music-war/presentation-live.html,ZY Music Command — Live Demo Presentation,"construction, itops, catalog","INTAKE / ANALYSIS, DECISION / STRATEGY, REPORT / DELIVERY, AI / COPILOT, INTAKE / DATA ENTRY",True,True,True,"workflow, guide, next step","import, analysis, run, generate, export, presentation, save, create, open, continue, start","export, presentation, letter","error, sla, audit",6,3,0
CRITICAL,61,html/demo/presentations/career-demo-presentation.html,TSM &middot; Career Training Platform &middot; Demo Presentation,"healthcare, approval","INTAKE / ANALYSIS, EXECUTIVE / OUTCOME, REPORT / DELIVERY, INTAKE / DATA ENTRY",True,True,True,steps,"run, review, approve, assign, generate, report, presentation, save, create, open, launch","report, presentation, letter, package","denial, compliance, bottleneck, revenue, sla, audit",2,12,0
CRITICAL,61,html/executive-portal-live.html,TSM Executive Portal,"healthcare, construction, insurance, legal, finance, finops, tax","DECISION / STRATEGY, EXECUTIVE / OUTCOME, REPORT / DELIVERY, INTAKE / DATA ENTRY",True,True,True,workflow,"upload, import, analysis, submit, review, approve, assign, resolve, generate, report","report, summary, executive, brief, letter","risk, exposure, exception, denial, compliance, sla, audit, missing",7,0,0
CRITICAL,61,html/tsm-insurance/ahip.html,AHIP Certification Prep · TSM,"healthcare, insurance, legal, tax, approval","INTAKE / ANALYSIS, REPORT / DELIVERY, AI / COPILOT, INTAKE / DATA ENTRY",True,True,True,guide,"run, submit, review, approve, report, presentation, send, open, start","report, excel, presentation, letter","loss, exception, compliance, delay, cost, waste, error, audit",20,0,4
CRITICAL,60,html/war-rooms/mortgage/mortgage-strategist.html,TSM &middot; Mortgage Command Center Strategist,"healthcare, bpo, mortgage, insurance, legal, hotel, hotelops, finops","INTAKE / ANALYSIS, DECISION / STRATEGY, EXECUTIVE / OUTCOME, REPORT / DELIVERY, INTAKE / DATA ENTRY",True,True,True,next step,"analysis, run, review, assign, escalate, export, report, open, continue","report, export, summary, executive, letter","exposure, exception, compliance, delay, sla, recovery",1,2,0
HIGH,59,html/dme.html,Medicare DME Benefits — What Medicare Pays For | TSM Matter,"healthcare, construction, insurance, itops, property","DECISION / STRATEGY, EXECUTIVE / OUTCOME, AI / COPILOT, INTAKE / DATA ENTRY",True,True,True,"guide, next step, steps","import, analysis, run, approve, send, create, launch",letter,"cost, error, sla, audit, missing, recovery",2,12,2
HIGH,59,html/dme/index.html,Medicare DME Benefits — What Medicare Pays For | TSM Matter,"construction, insurance, itops, property","DECISION / STRATEGY, EXECUTIVE / OUTCOME, AI / COPILOT, INTAKE / DATA ENTRY",True,True,True,"guide, next step, steps","import, analysis, run, approve, send, create, launch",letter,"cost, error, sla, audit, missing, recovery",1,12,1
HIGH,59,html/tsm-workforce-intelligence-command-center.html,TSM Workforce Intelligence & Operations Command Center,"healthcare, construction, bpo, insurance, legal, finops","INTAKE / ANALYSIS, DECISION / STRATEGY, EXECUTIVE / OUTCOME, REPORT / DELIVERY, INTAKE / DATA ENTRY",True,True,True,"workflow, guide","analysis, run, execute, review, report, presentation, start","report, presentation, deck, summary, executive, letter","risk, denial, compliance, revenue, sla, audit",2,0,0
HIGH,58,html/healthcare/hc-academy/hc-anomaly-advisor.html,Anomaly Advisor · Full Report · TSM Healthcare,"healthcare, insurance, legal, tax, vendor","INTAKE / ANALYSIS, DECISION / STRATEGY, REPORT / DELIVERY, INTAKE / DATA ENTRY",True,True,True,steps,"analysis, run, escalate, export, download, report, create, open, start","report, export, download, summary, letter","risk, exposure, denial, compliance, anomaly",3,2,0
HIGH,58,html/tsm-insurance/tsm-demo-launcher.html,TSM · Demo Launcher,"healthcare, construction, insurance, finops","INTAKE / ANALYSIS, DECISION / STRATEGY, EXECUTIVE / OUTCOME, REPORT / DELIVERY, INTAKE / DATA ENTRY",True,True,True,"how-to, guide","import, analysis, run, report, presentation, launch","report, presentation, deck, executive, letter","risk, leak, exposure, denial, delay, cost, sla, audit",0,26,0
HIGH,57,html/tsm-demo-playbook.html,TSM DEMO PLAYBOOK — Tier 1 + Tier 2,"bpo, insurance, finops, approval","INTAKE / ANALYSIS, DECISION / STRATEGY, EXECUTIVE / OUTCOME, REPORT / DELIVERY, INTAKE / DATA ENTRY",True,True,True,workflow,"upload, analysis, run, submit, report, send, save, open, start","report, executive, letter","risk, leak, exposure, denial, cost, revenue, failure, sla, audit, missing, recovery",6,0,0
HIGH,57,html/tsm-insurance/dme.html,Medicare DME Benefits — What Medicare Pays For | TSM Matter,insurance,"INTAKE / ANALYSIS, EXECUTIVE / OUTCOME, REPORT / DELIVERY, INTAKE / DATA ENTRY",True,True,True,"how to, guide, next step, steps","import, approve, presentation, create","presentation, letter","cost, error, sla, recovery",1,19,1
HIGH,57,html/war-rooms/approval/approval-executive-portal.html,TSM &middot; Approval Chain Executive Portal,"supplier, approval","INTAKE / ANALYSIS, DECISION / STRATEGY, EXECUTIVE / OUTCOME, REPORT / DELIVERY, AI / COPILOT, INTAKE / DATA ENTRY",False,True,True,,"analysis, run, review, approve, reject, escalate, export, open, continue, start","export, excel, executive, snapshot, letter","risk, exposure, exception, compliance, sla, audit",1,2,0
HIGH,57,html/war-rooms/crm/crm-executive-portal.html,TSM &middot; Customer Relationship Mgmt Executive Portal,"supplier, crm","INTAKE / ANALYSIS, DECISION / STRATEGY, EXECUTIVE / OUTCOME, REPORT / DELIVERY, AI / COPILOT, INTAKE / DATA ENTRY",False,True,True,,"analysis, run, review, approve, escalate, export, open, continue, start","export, excel, summary, executive, letter","risk, exposure, exception, compliance, sla, audit, opportunity",1,2,0
HIGH,57,html/war-rooms/honeywell-strategist.html,TSM · Honeywell Strategist,"construction, legal, tax, supplier","INTAKE / ANALYSIS, DECISION / STRATEGY, EXECUTIVE / OUTCOME, REPORT / DELIVERY, INTAKE / DATA ENTRY",True,True,True,workflow,"analysis, run, review, approve, assign, escalate, export, report, save, create, open, continue","report, export, summary, executive, letter","risk, exposure, anomaly, sla",2,0,0
HIGH,56,html/access.html,TSM Matter · Client Portal,"healthcare, construction, bpo, mortgage, real estate, insurance, legal, schools","INTAKE / ANALYSIS, DECISION / STRATEGY, EXECUTIVE / OUTCOME, AI / COPILOT, INTAKE / DATA ENTRY",False,True,True,,"upload, analyze, analysis, run, submit, send, create, launch","summary, executive, letter","risk, exposure, compliance, cost, revenue, error, audit, missing",14,1,3
HIGH,56,html/tsm-insurance/wip/index.html,TSM · Insurance Claims WIP,insurance,"INTAKE / ANALYSIS, DECISION / STRATEGY, EXECUTIVE / OUTCOME, REPORT / DELIVERY, INTAKE / DATA ENTRY",False,True,True,,"analyze, run, review, escalate, generate, export, download, send, create, open, launch","export, download, executive, brief, letter","risk, leak, exposure, compliance, sla, audit, missing",8,0,0
HIGH,55,html/hc-demo-presentation.html,TSM &middot; Healthcare &middot; Demo Presentation,"healthcare, construction, bpo, real estate, insurance, legal, finops, tax","INTAKE / ANALYSIS, DECISION / STRATEGY, EXECUTIVE / OUTCOME, REPORT / DELIVERY, INTAKE / DATA ENTRY",True,True,True,"workflow, steps","review, presentation, open, launch","presentation, executive, brief, letter","risk, exposure, exception, denial, compliance, revenue, anomaly, sla, audit, recovery",0,22,0
HIGH,55,html/logistics/logistics-executive-portal.html,TSM &middot; Logistics Executive Portal,"logistics, supplier","INTAKE / ANALYSIS, DECISION / STRATEGY, EXECUTIVE / OUTCOME, REPORT / DELIVERY, INTAKE / DATA ENTRY",False,True,True,,"run, review, approve, escalate, resolve, export, report, start","report, export, summary, executive, letter","risk, exposure, exception, revenue, failure, sla, unresolved",1,2,0
HIGH,55,html/supplier-vendor/supplier-vendor-executive-portal.html,TSM &middot; Supplier/Vendor Executive Portal,"supplier, vendor","INTAKE / ANALYSIS, DECISION / STRATEGY, EXECUTIVE / OUTCOME, REPORT / DELIVERY, INTAKE / DATA ENTRY",False,True,True,,"run, review, approve, escalate, resolve, export, report, start","report, export, summary, executive, letter","risk, exposure, exception, revenue, failure, sla, unresolved",1,2,0
HIGH,55,html/tsm-insurance/ins-compliance.html,TSM Insurance · Compliance Command,"insurance, tax","INTAKE / ANALYSIS, DECISION / STRATEGY, EXECUTIVE / OUTCOME, REPORT / DELIVERY, INTAKE / DATA ENTRY",True,True,True,"guide, steps","analyze, analysis, run, review, resolve, report, open, start","report, executive, letter","risk, exposure, compliance, error, audit",13,0,14
HIGH,54,html/real-estate-demo-presentation.html,TSM &middot; Real Estate &middot; Demo Presentation,"mortgage, real estate, finance","INTAKE / ANALYSIS, DECISION / STRATEGY, EXECUTIVE / OUTCOME, REPORT / DELIVERY, AI / COPILOT, INTAKE / DATA ENTRY",True,True,True,"workflow, next step, steps","analysis, run, execute, resolve, presentation, open, launch","presentation, executive, brief, letter","risk, exception, compliance, sla",0,18,0
HIGH,54,html/war-rooms/o2c/o2c-executive-portal.html,TSM &middot; Order to Cash Executive Portal,supplier,"INTAKE / ANALYSIS, DECISION / STRATEGY, EXECUTIVE / OUTCOME, REPORT / DELIVERY, AI / COPILOT, INTAKE / DATA ENTRY",False,True,True,,"analysis, run, review, approve, escalate, export, open, continue, start","export, excel, executive, letter","risk, exposure, exception, compliance, bottleneck, sla, audit",1,2,0
HIGH,53,html/finops-suite/rcm-os-presentation.html,TSM &middot; RCM OS &middot; Demo Presentation,"logistics, finops, vendor","INTAKE / ANALYSIS, EXECUTIVE / OUTCOME, REPORT / DELIVERY, INTAKE / DATA ENTRY",True,True,True,steps,"upload, analyze, review, resolve, presentation, open, launch","presentation, executive, letter","risk, exposure, exception, compliance, delay, cost, revenue, anomaly, sla, audit",0,18,0
HIGH,53,html/ins-main-strategist/index.html,Insurance Main Strategist,"construction, insurance, itops, property","DECISION / STRATEGY, EXECUTIVE / OUTCOME, REPORT / DELIVERY",False,True,True,,"import, analysis, run, review, generate, report, presentation, open, launch","report, presentation, summary, executive, letter, package","risk, exposure, revenue, audit, missing, opportunity",3,0,0
HIGH,53,html/l1-copilot/noc/noc-strategist.html,TSM &middot; NOC Command Center Strategist,noc,"INTAKE / ANALYSIS, DECISION / STRATEGY, EXECUTIVE / OUTCOME, REPORT / DELIVERY, AI / COPILOT, INTAKE / DATA ENTRY",True,True,True,next step,"analysis, run, review, assign, escalate, resolve, export, create, open, continue","export, summary, executive, letter","exposure, compliance, sla",1,2,0
HIGH,53,html/tsm-hub-index.html,TSM Hub,"healthcare, construction, bpo, real estate, insurance, legal, finops, tax","INTAKE / ANALYSIS, DECISION / STRATEGY, EXECUTIVE / OUTCOME, REPORT / DELIVERY, INTAKE / DATA ENTRY",True,True,True,"workflow, guide","analysis, review, presentation, create, open, launch","presentation, deck, executive, proposal, letter","denial, compliance, recovery",10,0,1
HIGH,53,html/tsm-insurance/ins-claims.html,TSM Insurance · Claims Command,"insurance, property, vendor","INTAKE / ANALYSIS, DECISION / STRATEGY, EXECUTIVE / OUTCOME, REPORT / DELIVERY, AI / COPILOT, INTAKE / DATA ENTRY",True,True,True,steps,"analyze, analysis, run, escalate, report, open, start","report, summary, executive, letter","loss, exposure, compliance, error, recovery, opportunity",13,0,5
HIGH,53,html/tsm-insurance/wip-billing/index.html,TSM · Insurance Premium Audit + Claims WIP,"construction, insurance","INTAKE / ANALYSIS, DECISION / STRATEGY, EXECUTIVE / OUTCOME, REPORT / DELIVERY, INTAKE / DATA ENTRY",True,True,True,"next step, steps","analyze, run, review, export, download, save, create, launch","export, download, executive, brief","risk, exposure, sla, audit, missing",5,0,0
HIGH,53,html/war-rooms/crm/crm-strategist.html,TSM &middot; Customer Relationship Mgmt Strategist,"supplier, crm","INTAKE / ANALYSIS, DECISION / STRATEGY, EXECUTIVE / OUTCOME, REPORT / DELIVERY, AI / COPILOT, INTAKE / DATA ENTRY",False,True,True,,"analysis, run, review, approve, escalate, export, report, open, continue, start","report, export, summary, executive, letter","risk, exposure, sla, opportunity",1,2,0
HIGH,53,html/war-rooms/honeywell-executive-portal.html,TSM · Honeywell Executive,"insurance, tax, supplier, approval","INTAKE / ANALYSIS, DECISION / STRATEGY, EXECUTIVE / OUTCOME, REPORT / DELIVERY, INTAKE / DATA ENTRY",False,True,True,,"analysis, review, approve, escalate, export, download, create, open, continue","export, download, summary, executive, letter, package","risk, exposure, exception, anomaly, sla, audit",3,0,0
HIGH,53,html/war-rooms/tsm-wip-command-center.html,TSM SHELL · Execution &amp; WIP Command Center,"healthcare, construction, bpo, real estate, insurance, legal, finops, crm","INTAKE / ANALYSIS, EXECUTIVE / OUTCOME, INTAKE / DATA ENTRY",False,True,True,,"upload, analyze, execute, approve, reject, resolve, save, create, open, start","executive, letter","risk, denial, cost, error, sla, missing",5,3,13
HIGH,52,html/doc1-search.html,TSM Document Search,"healthcare, construction, insurance, legal, finops, tax, vendor","DECISION / STRATEGY, EXECUTIVE / OUTCOME, REPORT / DELIVERY, INTAKE / DATA ENTRY",False,True,True,,"import, run, escalate, report, save, create, open, start","report, executive, letter","exposure, denial, compliance, overdue, sla, audit",5,9,5
HIGH,52,html/inty-finops-offer/index.html,TSM Financial Operations Layer · Inty Power,"construction, finops, tax, itops, vendor, approval","DECISION / STRATEGY, EXECUTIVE / OUTCOME, REPORT / DELIVERY, INTAKE / DATA ENTRY",False,True,True,,"import, analysis, run, review, generate, report, save, open, launch, start","report, pdf, executive, letter, package","risk, compliance, delay, anomaly, audit, missing",0,3,0
HIGH,52,html/l1-copilot/noc/noc-war-room.html,TSM NOC Command Center,noc,"INTAKE / ANALYSIS, DECISION / STRATEGY, AI / COPILOT, INTAKE / DATA ENTRY",False,True,True,,"import, analysis, run, review, assign, escalate, resolve, generate, save, create, open","summary, snapshot, letter","exposure, error, sla",6,2,1
HIGH,52,html/legal-demo-presentation.html,TSM &middot; Legal &middot; Demo Presentation,"healthcare, construction, legal, finops, tax, itops","INTAKE / ANALYSIS, DECISION / STRATEGY, EXECUTIVE / OUTCOME, REPORT / DELIVERY, INTAKE / DATA ENTRY",True,True,True,"workflow, next step, steps","run, resolve, presentation, open, launch","presentation, executive, brief, letter","risk, exception, compliance, sla, audit",0,16,0
HIGH,52,html/tsm-insurance/ins-tax.html,TSM · Insurance Tax Prep · Agent Intelligence,"healthcare, insurance, legal, tax, crm","INTAKE / ANALYSIS, DECISION / STRATEGY, REPORT / DELIVERY, INTAKE / DATA ENTRY",False,True,True,,"analyze, analysis, run, review, generate, report, launch","report, summary, letter","risk, exposure, compliance, cost, error, audit, missing",11,3,6
HIGH,52,html/tsm-insurance/insurance-portal.html,TSM Insurance Portal — Ingestion & Claims Dashboard,"healthcare, construction, insurance, finops, vendor","INTAKE / ANALYSIS, DECISION / STRATEGY, EXECUTIVE / OUTCOME, REPORT / DELIVERY, INTAKE / DATA ENTRY",False,True,True,,"upload, import, run, escalate, resolve, report, save, create, open, start","report, executive, proposal, letter","exposure, compliance, error, sla, audit",1,0,1
HIGH,52,html/war-rooms/catalog/catalog-executive-portal.html,TSM &middot; Product Catalog Executive Portal,"supplier, catalog","INTAKE / ANALYSIS, DECISION / STRATEGY, EXECUTIVE / OUTCOME, REPORT / DELIVERY, AI / COPILOT, INTAKE / DATA ENTRY",False,True,True,,"analysis, run, review, approve, escalate, export, open, continue, start","export, excel, executive, letter","risk, exposure, exception, compliance, sla, audit",1,2,0
HIGH,52,html/war-rooms/cpq/cpq-executive-portal.html,TSM &middot; Configure Price Quote Executive Portal,"supplier, cpq, approval","INTAKE / ANALYSIS, DECISION / STRATEGY, EXECUTIVE / OUTCOME, REPORT / DELIVERY, AI / COPILOT, INTAKE / DATA ENTRY",False,True,True,,"analysis, run, review, approve, escalate, export, open, continue, start","export, excel, executive, letter","risk, exposure, exception, compliance, sla, audit",1,2,0
HIGH,52,html/war-rooms/governance/governance-executive-portal.html,TSM &middot; Governance & Risk Executive Portal,"construction, insurance, supplier, approval","INTAKE / ANALYSIS, DECISION / STRATEGY, EXECUTIVE / OUTCOME, REPORT / DELIVERY, AI / COPILOT, INTAKE / DATA ENTRY",False,True,True,,"analysis, run, review, approve, reject, escalate, export, open, continue, start","export, executive, snapshot, letter","risk, exposure, exception, sla, audit",1,2,0
HIGH,52,html/war-rooms/integration-hub/integration-hub-executive-portal.html,TSM &middot; Integration Hub Executive Portal,"supplier, approval","INTAKE / ANALYSIS, DECISION / STRATEGY, EXECUTIVE / OUTCOME, REPORT / DELIVERY, AI / COPILOT, INTAKE / DATA ENTRY",False,True,True,,"analysis, run, review, approve, reject, escalate, export, continue, start","export, executive, snapshot, letter","risk, exposure, exception, error, sla, audit",1,2,0
HIGH,52,html/war-rooms/music-war/academy/daw-academy.html,DAW Academy · Sweet Music™ OS,,"EXECUTIVE / OUTCOME, REPORT / DELIVERY, INTAKE / DATA ENTRY",True,True,True,"how to, start here, workflow, steps","export, start","export, excel, letter","error, sla",1,1,1
HIGH,51,html/construction-suite/wip-billing/index.html,Construction WIP + Billing,construction,"INTAKE / ANALYSIS, DECISION / STRATEGY, EXECUTIVE / OUTCOME, REPORT / DELIVERY, INTAKE / DATA ENTRY",True,True,True,"next step, steps","analyze, run, review, export, download, save, create, launch","export, download, executive, brief","risk, exposure, sla, missing",5,0,0
HIGH,51,html/finops-suite/wip-billing/index.html,TSM · FinOps WIP + Billing Intelligence,"construction, finops","INTAKE / ANALYSIS, DECISION / STRATEGY, EXECUTIVE / OUTCOME, REPORT / DELIVERY, INTAKE / DATA ENTRY",True,True,True,"next step, steps","analyze, run, review, export, download, save, create, launch","export, download, executive, brief","risk, exposure, sla, missing",5,0,0
HIGH,51,html/finops-suite/wip/index.html,TSM · FinOps WIP Intelligence,"finance, finops, approval","INTAKE / ANALYSIS, DECISION / STRATEGY, EXECUTIVE / OUTCOME, REPORT / DELIVERY, INTAKE / DATA ENTRY",False,True,True,,"run, review, escalate, resolve, export, download, send, create, open, launch","export, download, summary, executive, brief, letter","risk, exposure, sla, missing",10,0,0
HIGH,51,html/l1-copilot/tsm-itops-demo-presentation.html,TSM // IT Ops Suite — Virtual Ecosystem Demo,"itops, vendor, catalog","INTAKE / ANALYSIS, DECISION / STRATEGY, REPORT / DELIVERY, AI / COPILOT, INTAKE / DATA ENTRY",True,True,True,"guide, steps","import, run, resolve, generate, create, open, start","deck, summary, letter, package","risk, compliance, failure, sla, missing",2,0,0
HIGH,50,html/tsm-enterprise-operating-system.html,TSM Workforce Intelligence & Operations Command Center,"healthcare, construction, bpo, insurance, legal, finops","INTAKE / ANALYSIS, DECISION / STRATEGY, EXECUTIVE / OUTCOME, REPORT / DELIVERY, INTAKE / DATA ENTRY",True,True,True,"workflow, guide","analysis, run, execute, review, report, presentation, start","report, presentation, executive, letter","denial, compliance, revenue, error, sla, audit, missing",0,0,0
HIGH,50,html/tsm-insurance/ins-appeals.html,TSM Insurance · Appeals Command,"insurance, legal","INTAKE / ANALYSIS, DECISION / STRATEGY, EXECUTIVE / OUTCOME, INTAKE / DATA ENTRY",True,True,True,steps,"analyze, analysis, run, submit, review, resolve, generate, start","summary, executive, letter","denial, compliance, error, sla, recovery",13,0,6
HIGH,50,html/war-rooms/business-development/tsm-outreach-command-center.html,TSM Outreach Command Center,"healthcare, construction, bpo, mortgage, real estate","INTAKE / ANALYSIS, EXECUTIVE / OUTCOME, REPORT / DELIVERY",True,True,True,workflow,"report, send, save, create, open","report, executive, letter","leak, exception, denial, compliance, bottleneck, revenue, sla, missing",3,0,12
HIGH,50,html/war-rooms/governance/governance-strategist.html,TSM &middot; Governance & Risk Strategist,supplier,"INTAKE / ANALYSIS, DECISION / STRATEGY, EXECUTIVE / OUTCOME, REPORT / DELIVERY, AI / COPILOT, INTAKE / DATA ENTRY",False,True,True,,"analysis, run, review, approve, escalate, export, report, open, continue, start","report, export, executive, letter","risk, exposure, sla, audit",1,2,0
HIGH,49,html/war-rooms/music-war/release/marketing.html,ZY Music Command — AI Songwriting Decision Engine,catalog,"INTAKE / ANALYSIS, REPORT / DELIVERY, INTAKE / DATA ENTRY",True,True,True,"workflow, next step","import, run, review, generate, export, save, create, open, launch, continue, start","export, letter","error, sla, missing",0,6,0
HIGH,48,html/demo-launcher.html,TSM · Demo Launcher,"healthcare, construction, real estate, insurance, hotel, hotelops, finops","INTAKE / ANALYSIS, DECISION / STRATEGY, EXECUTIVE / OUTCOME, REPORT / DELIVERY, INTAKE / DATA ENTRY",True,True,True,"how-to, guide","import, analysis, run, report, presentation, launch","report, presentation, deck, executive, letter","delay, sla, missing",0,22,0
HIGH,48,html/desert-pitch.html,TSM × Desert Financial — Strategic Partnership Proposal,"healthcare, construction, mortgage, real estate, insurance, legal, finance, tax","INTAKE / ANALYSIS, DECISION / STRATEGY, INTAKE / DATA ENTRY",False,True,True,,"import, analysis, run, save, open, launch, start","brief, proposal, letter","risk, exposure, denial, compliance, delay, cost, revenue, failure, sla, audit, missing, recovery",0,12,0
HIGH,48,html/mortgage-demo-presentation.html,TSM &middot; Mortgage &middot; Demo Presentation,"mortgage, logistics, supplier, vendor","INTAKE / ANALYSIS, DECISION / STRATEGY, EXECUTIVE / OUTCOME, REPORT / DELIVERY, INTAKE / DATA ENTRY",True,True,True,"next step, steps","analysis, run, execute, escalate, presentation, open, launch","presentation, summary, executive, brief, letter","exception, sla",0,11,0
HIGH,48,html/shared/tsm-ai-wiring-guide.html,TSMatter · AI Engine Wiring Guide,"healthcare, construction, mortgage, insurance, legal, schools, tax, itops","DECISION / STRATEGY, EXECUTIVE / OUTCOME, INTAKE / DATA ENTRY",True,True,True,"how to, guide","upload, import, analyze, analysis, run, generate, send, launch, start","executive, letter","risk, denial, compliance, revenue, error, audit, missing",0,0,0
HIGH,48,html/tsm-insurance/ins-liability.html,TSM Insurance · Liability Command,insurance,"INTAKE / ANALYSIS, DECISION / STRATEGY, EXECUTIVE / OUTCOME, REPORT / DELIVERY, INTAKE / DATA ENTRY",True,True,True,steps,"analyze, analysis, run, generate, report, open, start","report, executive, letter","risk, exposure, compliance, error, sla",13,0,5
HIGH,48,html/tsm-insurance/ins-malpractice.html,TSM Insurance · Malpractice Command,"insurance, legal, vendor","INTAKE / ANALYSIS, DECISION / STRATEGY, EXECUTIVE / OUTCOME, REPORT / DELIVERY, INTAKE / DATA ENTRY",True,True,True,steps,"analyze, analysis, run, review, escalate, report, start","report, executive, letter","risk, exposure, compliance, delay, error",13,0,7
HIGH,48,html/war-rooms/catalog/catalog-strategist.html,TSM &middot; Product Catalog Strategist,"supplier, catalog","INTAKE / ANALYSIS, DECISION / STRATEGY, EXECUTIVE / OUTCOME, REPORT / DELIVERY, AI / COPILOT, INTAKE / DATA ENTRY",False,True,True,,"analysis, run, review, approve, escalate, export, report, continue, start","report, export, executive, letter","risk, exposure, compliance, sla",1,2,0
HIGH,48,html/war-rooms/cpq/cpq-strategist.html,TSM &middot; Configure Price Quote Strategist,"supplier, cpq, approval","INTAKE / ANALYSIS, DECISION / STRATEGY, EXECUTIVE / OUTCOME, REPORT / DELIVERY, AI / COPILOT, INTAKE / DATA ENTRY",False,True,True,,"analysis, run, review, approve, escalate, export, report, open, continue, start","report, export, executive, letter","risk, exposure, sla",1,2,0
HIGH,48,html/war-rooms/integration-hub/integration-hub-strategist.html,TSM &middot; Integration Hub Strategist,supplier,"INTAKE / ANALYSIS, DECISION / STRATEGY, EXECUTIVE / OUTCOME, REPORT / DELIVERY, AI / COPILOT, INTAKE / DATA ENTRY",False,True,True,,"analysis, run, review, approve, escalate, export, report, continue, start","report, export, executive, letter","risk, exposure, error, sla",1,2,0
HIGH,48,html/war-rooms/o2c/o2c-strategist.html,TSM &middot; Order to Cash Strategist,supplier,"INTAKE / ANALYSIS, DECISION / STRATEGY, EXECUTIVE / OUTCOME, REPORT / DELIVERY, AI / COPILOT, INTAKE / DATA ENTRY",False,True,True,,"analysis, run, review, approve, escalate, export, report, continue, start","report, export, executive, letter","risk, exposure, bottleneck, sla",1,2,0
HIGH,47,html/concierge-demo-presentation.html,TSM &middot; Concierge &middot; Demo Presentation,"healthcare, construction, hotel, hotelops","INTAKE / ANALYSIS, DECISION / STRATEGY, EXECUTIVE / OUTCOME, REPORT / DELIVERY, AI / COPILOT, INTAKE / DATA ENTRY",True,True,True,"next step, steps","analyze, analysis, run, presentation, open, launch","presentation, executive, brief, letter","exception, compliance, revenue, sla",0,23,0
HIGH,47,html/tsm-consultz-landing-page.html,TSM — Intelligence Runtime Platform,"healthcare, construction, bpo, real estate, insurance, legal, finance, finops","INTAKE / ANALYSIS, EXECUTIVE / OUTCOME, REPORT / DELIVERY, INTAKE / DATA ENTRY",True,True,True,workflow,"import, analysis, run, approve, report, create, open, start","report, executive, letter","risk, compliance, bottleneck, anomaly, sla, audit",0,9,0
HIGH,47,html/war-rooms/mdm/mdm-war-room.html,TSM MDM War Room,"vendor, approval","INTAKE / ANALYSIS, DECISION / STRATEGY, REPORT / DELIVERY, AI / COPILOT, INTAKE / DATA ENTRY",False,True,True,,"analyze, analysis, run, review, approve, reject, generate, download, report, save, create, open","report, download, letter, package","risk, error, anomaly",6,0,0
HIGH,47,html/war-rooms/music-war/release/release-center.html,Release Center · Sweet Music™ OS,legal,"EXECUTIVE / OUTCOME, REPORT / DELIVERY, INTAKE / DATA ENTRY",False,True,True,,"upload, submit, assign, generate, export, report, save, start","report, export, letter, package","error, sla",1,1,4
HIGH,46,html/tsm-insurance/ins-underwriting.html,TSM Insurance · Underwriting Command,"insurance, property","INTAKE / ANALYSIS, DECISION / STRATEGY, EXECUTIVE / OUTCOME, INTAKE / DATA ENTRY",True,True,True,"guide, steps","analysis, run, review, generate, start","executive, letter","risk, loss, compliance, revenue, error",13,0,7
HIGH,46,html/war-rooms/approval/approval-strategist.html,TSM &middot; Approval Chain Strategist,"supplier, approval","INTAKE / ANALYSIS, DECISION / STRATEGY, EXECUTIVE / OUTCOME, REPORT / DELIVERY, AI / COPILOT, INTAKE / DATA ENTRY",False,True,True,,"analysis, run, review, approve, escalate, export, report, continue, start","report, export, executive, letter","risk, exposure, sla",1,2,0
HIGH,46,html/war-rooms/digital-twin/digital-twin-strategist.html,TSM &middot; Digital Twin Strategist,supplier,"INTAKE / ANALYSIS, DECISION / STRATEGY, EXECUTIVE / OUTCOME, REPORT / DELIVERY, AI / COPILOT, INTAKE / DATA ENTRY",False,True,True,,"analysis, run, review, approve, escalate, export, report, continue, start","report, export, executive, letter","risk, exposure, sla",1,2,0
HIGH,45,html/l1-copilot/servicenow-exam-sim.html,ServiceNow Timed Exam Sim · TSM Career Training,approval,"REPORT / DELIVERY, AI / COPILOT, INTAKE / DATA ENTRY",False,True,True,,"analysis, run, submit, review, approve, assign, escalate, resolve, report, save, create, open, start","report, letter","risk, error, sla, audit",0,3,0
HIGH,45,html/preview.html,TSM Exec Kit — Preview,insurance,"DECISION / STRATEGY, EXECUTIVE / OUTCOME, REPORT / DELIVERY, INTAKE / DATA ENTRY",True,True,True,steps,"analysis, review, escalate, generate, report, open, start","report, summary, executive, letter","exception, denial, backlog, delay, audit, missing, recovery",0,0,0
HIGH,45,html/war-rooms/digital-twin/digital-twin-executive-portal.html,TSM &middot; Digital Twin Executive Portal,supplier,"INTAKE / ANALYSIS, DECISION / STRATEGY, EXECUTIVE / OUTCOME, REPORT / DELIVERY, AI / COPILOT, INTAKE / DATA ENTRY",False,True,True,,"analysis, run, review, approve, escalate, export, continue, start","export, executive, letter","risk, exposure, exception, sla, audit",1,2,0
HIGH,45,html/war-rooms/digital-twin/digital-twin.html,TSM Enterprise Digital Twin,"bpo, logistics, finance, property, crm, cpq, approval","INTAKE / ANALYSIS, EXECUTIVE / OUTCOME, INTAKE / DATA ENTRY",False,True,True,,"upload, import, analyze, analysis, run, generate, open, continue","csv, executive, brief, letter","risk, exposure, compliance, cost, revenue, sla",2,0,0
HIGH,44,html/hub/index.html,TSM Hub,"healthcare, construction, bpo, mortgage, real estate, insurance, legal, schools","DECISION / STRATEGY, EXECUTIVE / OUTCOME, INTAKE / DATA ENTRY",True,True,True,guide,"import, analysis, run, resolve, open, launch, start","deck, executive, letter","compliance, audit, missing",2,0,1
HIGH,44,html/tsm-insurance/agents-ins.html,TSM Insurance Core - Broker & Agent Sync,"construction, insurance, legal, itops","INTAKE / ANALYSIS, DECISION / STRATEGY, EXECUTIVE / OUTCOME, REPORT / DELIVERY, INTAKE / DATA ENTRY",False,True,True,,"analyze, run, report, presentation, launch","report, presentation, letter","risk, exposure, sla, audit, missing",5,9,1
HIGH,44,html/war-rooms/mdm/mdm-executive-portal.html,TSM &middot; Master Data Management Executive Portal,approval,"INTAKE / ANALYSIS, DECISION / STRATEGY, EXECUTIVE / OUTCOME, REPORT / DELIVERY, AI / COPILOT, INTAKE / DATA ENTRY",False,True,True,,"analysis, run, review, approve, escalate, export, open, start","export, excel, executive, letter","risk, compliance, sla",1,2,0
HIGH,43,html/construction-suite/tax-prep.html,Construction Tax Prep,"construction, tax, itops","INTAKE / ANALYSIS, DECISION / STRATEGY, REPORT / DELIVERY",False,True,True,,"analyze, analysis, run, review, assign, escalate, create, launch",deck,"risk, leak, exposure, compliance, delay, audit, missing",1,2,0
HIGH,43,html/logistics/logistics-strategist-v2.html,TSM &middot; Logistics Strategist,logistics,"INTAKE / ANALYSIS, DECISION / STRATEGY, EXECUTIVE / OUTCOME, REPORT / DELIVERY, INTAKE / DATA ENTRY",False,True,True,,"run, review, export, report, start","report, export, summary, executive, letter","risk, exposure, revenue, sla",1,2,0
HIGH,43,html/supplier-vendor/supplier-vendor-strategist-v2.html,TSM &middot; Supplier/Vendor Strategist,"supplier, vendor","INTAKE / ANALYSIS, DECISION / STRATEGY, EXECUTIVE / OUTCOME, REPORT / DELIVERY, INTAKE / DATA ENTRY",False,True,True,,"run, review, export, report, start","report, export, summary, executive, letter","risk, exposure, revenue, sla",1,2,0
HIGH,43,html/tsm-insurance/insurance-suite-index.html,TSM · Insurance Suite · Command Index,"healthcare, construction, insurance, legal, finops, tax, property, approval","INTAKE / ANALYSIS, EXECUTIVE / OUTCOME, REPORT / DELIVERY, AI / COPILOT, INTAKE / DATA ENTRY",True,True,True,how to,"analysis, run, review, generate, presentation, open, launch","presentation, executive, letter","risk, exposure, compliance, audit, missing",0,31,0
HIGH,42,html/ghs_onepager.html,GHS Healthcare Command Suite — One Pager,"healthcare, construction, itops","DECISION / STRATEGY, EXECUTIVE / OUTCOME, REPORT / DELIVERY, INTAKE / DATA ENTRY",False,True,True,,"analyze, analysis, run, execute, review, approve, reject, report, open, launch, start","report, letter","risk, denial, backlog, revenue, sla, audit, missing",0,0,0
HIGH,42,html/l1-copilot/servicenow-fundamentals.html,ServiceNow ITSM Fundamentals · TSM Career Training,"catalog, approval","AI / COPILOT, INTAKE / DATA ENTRY",True,True,True,guide,"run, review, approve, assign, resolve, save, create, start",letter,"risk, bottleneck, error, sla",2,4,0
HIGH,42,html/tsm-collective-bnca.html,TSM Neural Core — Collective BNCA,"healthcare, construction, bpo, real estate, insurance, legal, finops","INTAKE / ANALYSIS, EXECUTIVE / OUTCOME, REPORT / DELIVERY, INTAKE / DATA ENTRY",False,True,True,,"analysis, run, generate, report, launch, start","report, executive, letter, package","risk, revenue, error, opportunity",3,7,0
HIGH,42,html/war-rooms/approval/approval-war-room.html,TSM Enterprise Approval Center,"healthcare, approval","DECISION / STRATEGY, AI / COPILOT, INTAKE / DATA ENTRY",False,True,True,,"upload, analysis, run, approve, reject, escalate, generate, save, create, continue","snapshot, letter","risk, error, sla",5,0,1
HIGH,41,html/demo/presentations/construction-presentation.html,Construction — Risk & Anomaly Command — TSM Demo,"construction, finance","INTAKE / ANALYSIS, DECISION / STRATEGY, EXECUTIVE / OUTCOME, REPORT / DELIVERY",True,True,True,"what to do, steps","analyze, run, escalate, report, presentation, open","report, presentation, executive","risk, exposure, compliance, cost, anomaly",0,0,0
HIGH,41,html/tsm-insurance/insurance-ce-command.html,TSM Insurance · CE Command,"insurance, property, approval","INTAKE / ANALYSIS, DECISION / STRATEGY, INTAKE / DATA ENTRY",True,True,True,workflow,"analysis, run, review, approve, generate, create, launch, continue",letter,"risk, exposure, compliance, cost, sla, missing",8,0,0
HIGH,41,html/war-rooms/o2c/o2c-war-room.html,TSM Order-to-Cash War Room,approval,"INTAKE / ANALYSIS, DECISION / STRATEGY, AI / COPILOT, INTAKE / DATA ENTRY",False,True,True,,"analysis, run, review, generate, save, create, open","snapshot, letter","risk, overdue, bottleneck, delay, revenue, error, sla, opportunity",4,0,0
HIGH,40,html/finops-suite/working-capital-calculator.html,Working Capital Worksheet · TSM RCM OS,"logistics, finops, vendor","EXECUTIVE / OUTCOME, REPORT / DELIVERY, INTAKE / DATA ENTRY",False,True,True,,"resolve, presentation, open","presentation, summary, executive, letter","exposure, exception, compliance, revenue, anomaly, sla",0,4,15
HIGH,40,html/healthcare/hc-academy/tsm_healthcare_academy.html,,"healthcare, insurance, tax, approval","INTAKE / ANALYSIS, INTAKE / DATA ENTRY",True,True,True,"workflow, steps","analyze, run, submit, review, resolve, send, start",summary,"denial, revenue, failure, missing",6,0,0
HIGH,40,html/property-accountant/property-accountant-command.html,TSM Property Accountant Command,"mortgage, insurance, tax, property, vendor, approval","DECISION / STRATEGY, EXECUTIVE / OUTCOME, INTAKE / DATA ENTRY",True,True,True,workflow,"analysis, run, review, escalate, resolve, send, open","executive, brief, letter, package","exception, missing",3,0,0
HIGH,40,html/war-rooms/cpq/cpq-war-room.html,TSM CPQ War Room,"catalog, cpq, approval","INTAKE / ANALYSIS, DECISION / STRATEGY, AI / COPILOT, INTAKE / DATA ENTRY",False,True,True,,"upload, analysis, run, approve, generate, save, create, open","snapshot, letter","risk, cost, error, sla",5,0,3
MEDIUM,39,html/demo/presentations/construction-finance-presentation.html,Construction — Cash Flow & Liquidity Command — TSM Demo,"construction, finance","INTAKE / ANALYSIS, DECISION / STRATEGY, EXECUTIVE / OUTCOME, REPORT / DELIVERY",True,True,True,"what to do, steps","analyze, run, escalate, report, presentation, open","report, presentation, executive","risk, exposure, compliance, cost",0,0,0
MEDIUM,39,html/l1-copilot/servicenow-scenarios.html,ServiceNow Scenario Engine · TSM Career Training,approval,"REPORT / DELIVERY, AI / COPILOT, INTAKE / DATA ENTRY",False,True,True,,"run, submit, review, approve, assign, resolve, report, save, create, open, start","report, letter","risk, error, audit",0,3,0
MEDIUM,39,html/tsm-operational-os-executive.html,TSM Operational OS · Executive Command Center,bpo,"INTAKE / ANALYSIS, EXECUTIVE / OUTCOME, REPORT / DELIVERY, INTAKE / DATA ENTRY",False,True,True,,"generate, report","report, summary, executive, letter, package","loss, exposure, error, sla, recovery",1,0,1
MEDIUM,37,html/bpo-files/bpo-supervisor.html,BPO Supervisor Roster,"healthcare, construction, bpo, mortgage, real estate, insurance, legal, schools","EXECUTIVE / OUTCOME, INTAKE / DATA ENTRY",False,True,True,,"review, assign, create, open, start","summary, executive, letter","cost, revenue, sla, audit",0,2,1
MEDIUM,37,html/demo/presentations/bpo-presentation.html,BPO Service Delivery — Command Center — TSM Demo,bpo,"INTAKE / ANALYSIS, DECISION / STRATEGY, EXECUTIVE / OUTCOME, REPORT / DELIVERY, INTAKE / DATA ENTRY",True,True,True,steps,"analyze, escalate, generate, report, presentation, create, open","report, presentation, executive, brief","exposure, backlog, audit",0,0,0
MEDIUM,37,html/hub-index.html,TSM Hub,"healthcare, construction, bpo, insurance, finops","INTAKE / ANALYSIS, DECISION / STRATEGY, EXECUTIVE / OUTCOME, REPORT / DELIVERY, INTAKE / DATA ENTRY",True,True,True,guide,"analysis, review, presentation, create, open","presentation, deck, executive, letter",,2,0,1
MEDIUM,37,html/shared/tsm-mission-queue.html,TSM Mission Queue — Cross-Sector Exception Operations,"healthcare, construction, bpo, mortgage, finops","REPORT / DELIVERY, INTAKE / DATA ENTRY",False,True,True,,"import, assign, resolve, report, save, create, open, start","report, letter","risk, exposure, exception, overdue, sla",1,0,0
MEDIUM,37,html/war-rooms/music-war/creation/beat-workbench.html,Beat Workbench · Sweet Music™ OS,,"EXECUTIVE / OUTCOME, REPORT / DELIVERY, INTAKE / DATA ENTRY",False,True,True,,"upload, analyze, run, generate, report, open","report, letter","error, sla",5,1,2
MEDIUM,36,html/approval-war-room.html,TSM Enterprise Approval Center,"healthcare, approval","DECISION / STRATEGY, AI / COPILOT, INTAKE / DATA ENTRY",False,True,True,,"analysis, run, approve, reject, escalate, generate, save, create","snapshot, letter","risk, sla",5,0,1
MEDIUM,36,html/cpq-war-room.html,TSM CPQ War Room,"cpq, approval","INTAKE / ANALYSIS, DECISION / STRATEGY, AI / COPILOT, INTAKE / DATA ENTRY",False,True,True,,"analysis, run, approve, generate, save, create, open","snapshot, letter","risk, cost, sla",5,0,3
MEDIUM,36,html/demo/presentations/hotelops-presentation.html,Concierge Command — Hotel Operations — TSM Demo,"hotel, hotelops, property","INTAKE / ANALYSIS, DECISION / STRATEGY, EXECUTIVE / OUTCOME, REPORT / DELIVERY, AI / COPILOT",True,True,True,steps,"analyze, analysis, run, review, escalate, resolve, report, presentation","report, presentation, executive, snapshot, brief",,0,0,0
MEDIUM,36,html/demo/presentations/pm-copilot-presentation.html,PM Copilot — Property Portfolio War Room — TSM Demo,"property, vendor","INTAKE / ANALYSIS, DECISION / STRATEGY, REPORT / DELIVERY, AI / COPILOT",True,True,True,steps,"analysis, run, report, presentation, send, open","report, presentation, brief","risk, leak, exposure, compliance, sla",0,0,0
MEDIUM,36,html/demo/presentations/schools-presentation.html,Schools Command — Grant Compliance & Funding — TSM Demo,schools,"INTAKE / ANALYSIS, DECISION / STRATEGY, EXECUTIVE / OUTCOME, REPORT / DELIVERY, AI / COPILOT",True,True,True,steps,"analysis, run, presentation, open","presentation, summary, executive","risk, exposure, exception, compliance, cost, sla, audit",0,0,0
MEDIUM,36,html/war-rooms/catalog/catalog-war-room.html,TSM Product Catalog War Room,"catalog, cpq","INTAKE / ANALYSIS, DECISION / STRATEGY, AI / COPILOT, INTAKE / DATA ENTRY",False,True,True,,"upload, analysis, run, generate, save, create, continue","snapshot, letter","risk, compliance, error",5,0,1
MEDIUM,35,html/construction-suite/presentation.html,TSM Construction Intelligence – Executive Demo,"construction, legal, finance, itops","INTAKE / ANALYSIS, DECISION / STRATEGY, EXECUTIVE / OUTCOME, REPORT / DELIVERY",True,True,True,what to do,"analyze, analysis, run, open, launch",executive,"risk, exposure, compliance, cost, audit, missing",3,0,0
MEDIUM,35,html/demo/presentations/cyber-incident-presentation.html,Cyber Incident Command — TSM Demo,approval,"INTAKE / ANALYSIS, DECISION / STRATEGY, EXECUTIVE / OUTCOME, REPORT / DELIVERY",True,True,True,steps,"analyze, analysis, run, approve, escalate, presentation, start","presentation, summary, executive, brief","compliance, sla",0,0,0
MEDIUM,35,html/demo/presentations/mortgage-presentation.html,Mortgage War Room — Loan Exception Command — TSM Demo,mortgage,"INTAKE / ANALYSIS, DECISION / STRATEGY, EXECUTIVE / OUTCOME, REPORT / DELIVERY, AI / COPILOT",True,True,True,"guide, steps","analyze, analysis, run, presentation, create","presentation, summary, executive","risk, exception, compliance",0,0,0
MEDIUM,35,html/enterprise/enterprise-executive-portal.html,TSM &middot; Enterprise Executive Decision Portal,"healthcare, construction, bpo, mortgage, real estate, insurance, legal","INTAKE / ANALYSIS, EXECUTIVE / OUTCOME, REPORT / DELIVERY, INTAKE / DATA ENTRY",False,True,True,,"run, escalate, report, start","report, executive, letter","exposure, denial, error, sla",1,2,0
MEDIUM,35,html/war-rooms/music-war/analytics.html,Analytics · Sweet Music™ OS,,"EXECUTIVE / OUTCOME, REPORT / DELIVERY, INTAKE / DATA ENTRY",True,True,True,"what to do, next step","analysis, run, review, export, open, start","export, letter",sla,0,1,0
MEDIUM,35,html/war-rooms/music-war/creation/song-builder.html,Song Builder · Sweet Music™ OS,,"EXECUTIVE / OUTCOME, INTAKE / DATA ENTRY",True,True,True,steps,"analyze, run, generate, save",letter,"error, sla",4,1,3
MEDIUM,35,html/war-rooms/music-war/index.html,Sweet Music™ OS — TSM Music Command,,"REPORT / DELIVERY, INTAKE / DATA ENTRY",True,True,True,"workflow, guide","upload, analyze, export, launch, start","export, letter","delay, sla",0,14,0
MEDIUM,34,html/hub_index_v2.html,TSM Hub,"healthcare, construction, bpo, mortgage, real estate, insurance, legal, schools","DECISION / STRATEGY, EXECUTIVE / OUTCOME, INTAKE / DATA ENTRY",False,True,True,,"analysis, run, resolve, open, launch, start","deck, letter","compliance, audit, missing",2,0,1
MEDIUM,34,html/legal-pro/legal-scenarios.html,Legal Scenarios · TSM Legal-Pro,legal,"INTAKE / ANALYSIS, DECISION / STRATEGY, EXECUTIVE / OUTCOME, REPORT / DELIVERY, INTAKE / DATA ENTRY",False,True,True,,"import, review, resolve, presentation, create, open","presentation, executive, letter","risk, exposure, error, sla",8,0,0
MEDIUM,34,html/war-rooms/mdm/mdm-strategist.html,TSM MDM Strategist,tax,"INTAKE / ANALYSIS, DECISION / STRATEGY, EXECUTIVE / OUTCOME, INTAKE / DATA ENTRY",False,True,True,,"analysis, run, execute, review, approve, reject, resolve","summary, executive, letter","risk, error, audit",0,2,0
MEDIUM,33,html/demo/presentations/healthcare-presentation.html,Healthcare RCM — Denial Management — TSM Demo,healthcare,"DECISION / STRATEGY, EXECUTIVE / OUTCOME, REPORT / DELIVERY, INTAKE / DATA ENTRY",True,True,True,steps,"analysis, run, submit, escalate, generate, presentation, open","presentation, executive","exposure, denial, compliance, recovery",0,0,0
MEDIUM,33,html/demo/presentations/realestate-presentation.html,Real Estate War Room — Compliance & Pipeline — TSM Demo,real estate,"INTAKE / ANALYSIS, DECISION / STRATEGY, EXECUTIVE / OUTCOME, REPORT / DELIVERY",True,True,True,steps,"run, review, escalate, report, presentation","report, presentation, executive, brief","exposure, compliance, audit",0,0,0
MEDIUM,33,html/tsm-member-command-center.html,TSM — Member Command Center,"healthcare, construction, mortgage","INTAKE / ANALYSIS, EXECUTIVE / OUTCOME, INTAKE / DATA ENTRY",False,True,True,,"create, open","summary, executive, letter","risk, exposure, exception, error, sla",4,0,1
MEDIUM,33,html/war-rooms/crm/crm-war-room.html,TSM CRM War Room,crm,"INTAKE / ANALYSIS, DECISION / STRATEGY, AI / COPILOT, INTAKE / DATA ENTRY",False,True,True,,"upload, analysis, run, generate, save, create, open","snapshot, letter","risk, error, sla, opportunity",4,0,0
MEDIUM,33,html/war-rooms/music-war/cadence-builder.html,Cadence Studio · Sweet Music™ OS,,"EXECUTIVE / OUTCOME, INTAKE / DATA ENTRY",False,True,True,,"analyze, run, create, start","summary, letter","error, sla",6,2,1
MEDIUM,32,html/catalog-war-room.html,TSM Product Catalog War Room,"catalog, cpq","INTAKE / ANALYSIS, DECISION / STRATEGY, AI / COPILOT, INTAKE / DATA ENTRY",False,True,True,,"analysis, run, generate, save, create, continue","snapshot, letter","risk, compliance",5,0,1
MEDIUM,32,html/client-portal.html,TSM Client Portal,bpo,"EXECUTIVE / OUTCOME, REPORT / DELIVERY, INTAKE / DATA ENTRY",False,True,True,,"download, report, open","report, download, summary, letter","error, sla",1,1,0
MEDIUM,32,html/demo/presentations/plant-incident-presentation.html,Plant / OT Incident Command — TSM Demo,approval,"INTAKE / ANALYSIS, DECISION / STRATEGY, EXECUTIVE / OUTCOME, REPORT / DELIVERY",True,True,True,steps,"analyze, analysis, run, approve, escalate, report, presentation, start","report, presentation, executive",compliance,0,0,0
MEDIUM,32,html/demo/presentations/supplier-shutdown-presentation.html,Supplier Shutdown / Disruption Command — TSM Demo,"supplier, approval","INTAKE / ANALYSIS, DECISION / STRATEGY, EXECUTIVE / OUTCOME, REPORT / DELIVERY",True,True,True,steps,"analyze, analysis, run, approve, escalate, presentation, start","presentation, executive, brief","risk, exposure",0,0,0
MEDIUM,32,html/hub-index-v4.html,TSM Hub,"healthcare, construction, bpo, mortgage, real estate, insurance, legal, schools","DECISION / STRATEGY, EXECUTIVE / OUTCOME, INTAKE / DATA ENTRY",False,True,True,,"analysis, run, open, launch, start","deck, letter","compliance, audit, missing",2,0,1
MEDIUM,32,html/hub_index.html,TSM Hub,"healthcare, construction, bpo, mortgage, real estate, insurance, legal, schools","DECISION / STRATEGY, EXECUTIVE / OUTCOME, INTAKE / DATA ENTRY",False,True,True,,"analysis, run, open, launch, start","deck, letter","compliance, audit, missing",2,0,1
MEDIUM,32,html/hub_index_v3.html,TSM Hub,"healthcare, construction, bpo, mortgage, real estate, insurance, legal, schools","DECISION / STRATEGY, EXECUTIVE / OUTCOME, INTAKE / DATA ENTRY",False,True,True,,"analysis, run, open, launch, start","deck, letter","compliance, audit, missing",2,0,1
MEDIUM,31,html/construction-suite/construction-osha-exam-sim.html,OSHA 30 Exam Simulator · TSM Academy,"construction, insurance","REPORT / DELIVERY, INTAKE / DATA ENTRY",False,True,True,,"run, review, report, start","report, deck, letter","compliance, sla",1,4,0
MEDIUM,31,html/demo/presentations/finops-presentation.html,FinOps War Room — AP/AR Command — TSM Demo,finops,"INTAKE / ANALYSIS, DECISION / STRATEGY, EXECUTIVE / OUTCOME, REPORT / DELIVERY",True,True,True,steps,"run, review, escalate, presentation, send, start","presentation, executive","risk, exposure, error, audit",0,0,0
MEDIUM,31,html/demo/presentations/insurance-presentation.html,Insurance War Room — Claims & SIU — TSM Demo,insurance,"INTAKE / ANALYSIS, DECISION / STRATEGY, EXECUTIVE / OUTCOME, REPORT / DELIVERY, INTAKE / DATA ENTRY",True,True,True,steps,"analyze, analysis, run, review, escalate, presentation, send","presentation, executive","risk, exposure, audit",0,0,0
MEDIUM,31,html/sap_phases_talktrack_section_v2.html,,"bpo, supplier, vendor, crm, catalog, cpq, approval","INTAKE / ANALYSIS, DECISION / STRATEGY, INTAKE / DATA ENTRY",False,True,True,,"run, approve, escalate, generate, open",letter,"risk, compliance, bottleneck, cost, revenue, error, sla, audit, opportunity",0,0,0
MEDIUM,30,html/l1-copilot/aplus/aplus-pbq.html,A+ PBQ Simulation · TSM Career Training,,"EXECUTIVE / OUTCOME, AI / COPILOT, INTAKE / DATA ENTRY",True,True,True,"instructions, steps","submit, review, assign, resolve, open, start",letter,,0,8,0
MEDIUM,30,html/war-rooms/music-war/producer/mixing-coach.html,Mixing Coach · Sweet Music™ OS,,"EXECUTIVE / OUTCOME, INTAKE / DATA ENTRY",True,True,True,next step,"resolve, start",letter,"delay, error, sla, missing",1,3,0
MEDIUM,29,html/demo/inphusionsys-hub.html,InphusionSys — Multi-Vertical Demo Console,"healthcare, construction, bpo, mortgage, insurance, legal, hotel, hotelops","INTAKE / ANALYSIS, AI / COPILOT, INTAKE / DATA ENTRY",False,True,True,,"import, assign, open, start",letter,"error, anomaly, sla, audit",2,1,0
MEDIUM,29,html/demo/presentations/career-training-presentation.html,Career Training Platform — Manager-Gated Certification Academy — TSM Demo,"healthcare, construction, insurance, legal, approval","INTAKE / ANALYSIS, EXECUTIVE / OUTCOME, REPORT / DELIVERY, INTAKE / DATA ENTRY",True,True,True,steps,"review, approve, assign, export, presentation, start","export, presentation","denial, revenue, audit",0,0,0
MEDIUM,29,html/l1-copilot/topology.html,,,"AI / COPILOT, INTAKE / DATA ENTRY",True,True,False,"next step, steps","submit, escalate, send, open",,"loss, delay, error",5,0,0
MEDIUM,29,html/war-rooms/music-war/academy/music-business.html,Music Business Basics · Sweet Music™ OS,legal,"EXECUTIVE / OUTCOME, INTAKE / DATA ENTRY",True,True,True,next step,"create, start",letter,error,1,3,1
MEDIUM,28,html/concierge/concierge-executive-portal.html,TSM · Concierge Transport Executive Portal,approval,"DECISION / STRATEGY, EXECUTIVE / OUTCOME, INTAKE / DATA ENTRY",False,True,True,,"review, approve, assign, open","summary, executive, letter","exception, error, sla",4,0,0
MEDIUM,28,html/reo-pro/pack-engine.html,TSM Pack Engine,"construction, mortgage, insurance, legal","INTAKE / ANALYSIS, INTAKE / DATA ENTRY",False,True,True,,"analysis, run, resolve, create, open, launch",letter,"leak, error, sla, missing",3,0,0
MEDIUM,27,html/finops-suite/rcm-os-simulation.html,RCM-OS Simulation Lab,"insurance, finops, tax","INTAKE / ANALYSIS, REPORT / DELIVERY, INTAKE / DATA ENTRY",False,True,True,,"review, report, send, save, open",report,"exception, anomaly",4,0,4
MEDIUM,27,html/l1-copilot/l1-assistant-widget.html,,,"AI / COPILOT, INTAKE / DATA ENTRY",True,True,False,"next step, steps","submit, escalate, send, open",,"delay, error",3,0,0
MEDIUM,27,html/l1-copilot/noc/noc-asset-console.html,TSM NOC Asset Console,noc,"INTAKE / ANALYSIS, DECISION / STRATEGY, AI / COPILOT, INTAKE / DATA ENTRY",False,True,True,,"run, assign, escalate, resolve, save, open, start",letter,,1,2,0
MEDIUM,27,html/legal-pro/legal-compliance.html,Legal Compliance · TSM Legal-Pro,legal,"INTAKE / ANALYSIS, DECISION / STRATEGY, EXECUTIVE / OUTCOME, INTAKE / DATA ENTRY",False,True,True,,"import, analysis, review, open","executive, letter","risk, exposure, compliance, sla",8,0,0
MEDIUM,27,html/war-rooms/music-war/producer/mastering-coach.html,Mastering Coach · Sweet Music™ OS,,"EXECUTIVE / OUTCOME, INTAKE / DATA ENTRY",True,True,True,next step,analyze,letter,error,1,3,3
MEDIUM,27,html/war-rooms/music-war/producer/recording-coach.html,Recording Coach · Sweet Music™ OS,,"EXECUTIVE / OUTCOME, INTAKE / DATA ENTRY",True,True,True,next step,run,letter,error,1,4,1
MEDIUM,26,html/tsm-operations-one-pager.html,TSM Shell — Operations One-Pager,"healthcare, insurance, legal","INTAKE / ANALYSIS, DECISION / STRATEGY, EXECUTIVE / OUTCOME, AI / COPILOT, INTAKE / DATA ENTRY",True,True,True,"workflow, guide","analysis, run","executive, letter","risk, denial, revenue",0,0,0
MEDIUM,25,html/concierge/concierge-war-room.html,TSM · Concierge Transport War Room,"bpo, hotel, hotelops, property","INTAKE / ANALYSIS, DECISION / STRATEGY, EXECUTIVE / OUTCOME, INTAKE / DATA ENTRY",False,True,True,,"submit, assign, create, open, start",letter,error,3,0,9
MEDIUM,25,html/war-rooms/music-war/academy/music-theory.html,Music Theory Basics · Sweet Music™ OS,,"EXECUTIVE / OUTCOME, INTAKE / DATA ENTRY",True,False,True,next step,,letter,error,1,3,1
MEDIUM,24,html/construction-suite/showcase/index.html,🏗️ CONSTRUCTION COMMAND CENTER,construction,"INTAKE / ANALYSIS, EXECUTIVE / OUTCOME, REPORT / DELIVERY",False,True,True,,"run, review, report, launch","report, summary, executive",missing,1,0,0
MEDIUM,24,html/demo/presentations/property-revenue-presentation.html,Property Accounting — Revenue Cycle Close — TSM Demo,property,"DECISION / STRATEGY, EXECUTIVE / OUTCOME, REPORT / DELIVERY",True,True,True,steps,"analysis, run, review, escalate, presentation, send",presentation,"exception, revenue",0,0,0
MEDIUM,24,html/demo/presentations/rcm-os-presentation.html,RCM-OS — The Operating Cadence Engine — TSM Demo,,"EXECUTIVE / OUTCOME, REPORT / DELIVERY, INTAKE / DATA ENTRY",True,True,True,steps,"run, report, presentation","report, presentation, executive","revenue, sla",0,0,0
MEDIUM,23,html/demo/presentations/legal-presentation.html,Legal War Room — Matter Intake & Escalation — TSM Demo,legal,"INTAKE / ANALYSIS, DECISION / STRATEGY, EXECUTIVE / OUTCOME, REPORT / DELIVERY, INTAKE / DATA ENTRY",True,True,True,steps,"analysis, escalate, presentation, open","presentation, brief","risk, exposure",0,0,0
MEDIUM,23,html/executive-portal-v2.html,TSM Executive Portal v2,healthcare,"EXECUTIVE / OUTCOME, REPORT / DELIVERY",False,True,True,,"approve, escalate, report, save","report, summary, executive","risk, backlog, audit",0,0,0
MEDIUM,23,html/l1-copilot/aplus/aplus-interview.html,A+ Interview Mode · TSM Career Training,,"EXECUTIVE / OUTCOME, REPORT / DELIVERY, AI / COPILOT, INTAKE / DATA ENTRY",False,True,True,,"submit, review, report, start","report, letter","failure, sla",0,8,0
MEDIUM,23,html/l1-copilot/aplus/aplus-lab.html,A+ Troubleshooting Lab · TSM Career Training,,"EXECUTIVE / OUTCOME, REPORT / DELIVERY, AI / COPILOT, INTAKE / DATA ENTRY",False,True,True,,"submit, review, resolve, report, open, start","report, letter",,0,8,0
MEDIUM,23,html/tsm-staffing-one-pager.html,TSM Shell — Staffing One-Pager,"healthcare, bpo, insurance","INTAKE / ANALYSIS, DECISION / STRATEGY, EXECUTIVE / OUTCOME, INTAKE / DATA ENTRY",True,True,True,workflow,"run, start","executive, letter","denial, compliance, revenue, audit",0,0,0
MEDIUM,22,html/l1-copilot/aplus/aplus-practice.html,A+ Question Coach · TSM Career Training,,"EXECUTIVE / OUTCOME, REPORT / DELIVERY, AI / COPILOT, INTAKE / DATA ENTRY",False,True,True,,"review, report, start","report, summary, letter",waste,0,10,0
MEDIUM,22,html/war-rooms/music-war/producer/producer-ai.html,Producer AI · Sweet Music™ OS,,"EXECUTIVE / OUTCOME, INTAKE / DATA ENTRY",False,True,True,,"save, start","brief, letter",error,4,1,0
MEDIUM,21,html/concierge/concierge-strategist.html,TSM · Concierge Transport Strategist,property,"INTAKE / ANALYSIS, DECISION / STRATEGY, EXECUTIVE / OUTCOME, INTAKE / DATA ENTRY",False,True,True,,"assign, open","executive, letter","exception, error, sla",3,0,0
MEDIUM,21,html/demo/presentations/noc-presentation.html,NOC Command Center — L1 Copilot — TSM Demo,noc,"INTAKE / ANALYSIS, DECISION / STRATEGY, EXECUTIVE / OUTCOME, REPORT / DELIVERY, AI / COPILOT",True,True,True,steps,"analyze, analysis, run, escalate, presentation","presentation, executive",,0,0,0
MEDIUM,21,html/war-rooms/music-war/producer-intel-panel.html,,,INTAKE / DATA ENTRY,True,True,False,how to,"run, resolve, generate, send, save, create, open, start",,,0,0,0
LOW,17,html/bpo-files/suite-hub.html,TSM Suite Hub,"healthcare, construction, bpo, mortgage, real estate, insurance, legal, schools","INTAKE / ANALYSIS, DECISION / STRATEGY, EXECUTIVE / OUTCOME, INTAKE / DATA ENTRY",False,True,True,,import,"executive, letter","denial, sla",0,38,0
LOW,17,html/l1-copilot/aplus/aplus-readiness.html,A+ Readiness Dashboard · TSM Career Training,,"EXECUTIVE / OUTCOME, REPORT / DELIVERY, AI / COPILOT, INTAKE / DATA ENTRY",False,True,True,,"report, start","report, letter",sla,0,8,0
LOW,16,html/l1-copilot/aplus/aplus-assessment.html,A+ Timed Assessment · TSM Career Training,,"EXECUTIVE / OUTCOME, AI / COPILOT, INTAKE / DATA ENTRY",False,True,True,,"run, submit, review, start",letter,,0,9,0
LOW,16,html/tsm-platform-hub.html,TSM-Consultz — Platform Hub,"healthcare, construction, bpo, mortgage, real estate, insurance, legal, schools","INTAKE / ANALYSIS, DECISION / STRATEGY, EXECUTIVE / OUTCOME, AI / COPILOT, INTAKE / DATA ENTRY",False,True,True,,"execute, start",letter,"risk, revenue",0,76,0
LOW,15,html/mission-executive-dashboard.html,TSM Enterprise Mission Dashboard,construction,"EXECUTIVE / OUTCOME, INTAKE / DATA ENTRY",False,True,True,,"import, run, review, open",letter,"risk, sla",0,0,0
LOW,15,html/pc-command/public/index.html,tsm-pc-command · TSM Platform,"construction, itops","DECISION / STRATEGY, INTAKE / DATA ENTRY",False,True,True,,"import, analysis, run, launch",letter,"audit, missing",0,0,0
LOW,15,html/reo-pro/public/index.html,tsm-reo-pro · TSM Platform,"construction, itops","INTAKE / ANALYSIS, DECISION / STRATEGY, INTAKE / DATA ENTRY",False,True,True,,"import, analysis, run, launch",letter,"audit, missing",0,0,0
LOW,15,html/war-rooms/music-war/playback-banger.html,TSM Music Command - Amplified Studio,,,False,True,False,,"run, create, launch, start",,missing,1,0,0
LOW,14,html/demo/presentations/l1-platform-presentation.html,L1 Ticket Copilot — Enterprise Command Center — TSM Demo,,"INTAKE / ANALYSIS, REPORT / DELIVERY, AI / COPILOT, INTAKE / DATA ENTRY",True,True,True,steps,"presentation, open, start",presentation,,0,0,0
LOW,14,html/l1-copilot/aplus/aplus-learn.html,A+ Learn Mode · TSM Career Training,,"EXECUTIVE / OUTCOME, AI / COPILOT, INTAKE / DATA ENTRY",False,True,True,,"review, open, start",letter,,0,8,0
LOW,14,html/login.html,TSM Login,,"EXECUTIVE / OUTCOME, INTAKE / DATA ENTRY",False,True,False,,submit,,error,1,0,1
LOW,9,html/tsm-insurance/suite-index.html,Suite Index,insurance,INTAKE / ANALYSIS,False,True,False,,launch,,compliance,0,3,0
LOW,7,html/property-accountant/index.html,TSM Property Accountant,property,,False,True,False,,open,,,0,1,0
LOW,5,html/construction-suite/suite-index.html,Suite Index,construction,INTAKE / ANALYSIS,False,False,False,,,,,0,1,0
LOW,5,html/finops-suite/suite-index.html,Suite Index,finops,"INTAKE / ANALYSIS, DECISION / STRATEGY",False,False,False,,,,,0,2,0
LOW,5,html/healthcare-suite/suite-index.html,Suite Index,healthcare,,False,False,False,,,,,0,1,0
LOW,2,html/war-rooms/governance/governance-war-room.html,TSM Governance & Compliance,,,False,False,False,,,,compliance,0,0,0
LOW,0,html/construction-suite/tour-construction.html,,construction,INTAKE / ANALYSIS,False,False,False,,,,,0,0,0
LOW,0,html/healthcare-command.html,Healthcare Command,healthcare,,False,False,False,,,,,0,0,0
LOW,0,html/sweet-os/sweet-os.html,Sweet OS,,,False,False,False,,,,,0,0,0
LOW,0,html/war-rooms/integration-hub/integration-hub.html,TSM Integration Hub,,,False,False,False,,,,,0,0,0
