priority,score,vertical,path,title,actions,report_actions,pain_points,recommended_reports
P0,100,healthcare,html/healthcare/hc-denial-war-room.html,TSM · Denial Recovery War Room,9,0,denial leakage; revenue-cycle backlog; appeal prioritization; documentation gaps; operational exceptions,Denial Recovery Report; Revenue Leakage Report; Appeal Priority Queue; Executive Revenue-Cycle Brief
P0,100,healthcare,html/l1-copilot/l1-ticket-copilot.html,TSM L1 Ticket Copilot,9,0,denial leakage; revenue-cycle backlog; appeal prioritization; documentation gaps; operational exceptions,Denial Recovery Report; Revenue Leakage Report; Appeal Priority Queue; Executive Revenue-Cycle Brief
P0,100,mortgage,html/reo-command.html,Real Estate Command,9,0,pipeline bottlenecks; documentation exceptions; underwriting risk; closing delays; loan fallout,Loan Pipeline Risk Report; Underwriting Exception Report; Closing Readiness Report; Executive Mortgage Brief
P0,100,mortgage,html/reo-pro/re-doc-search.html,TSM · RE DOCUMENT COMMAND,9,0,pipeline bottlenecks; documentation exceptions; underwriting risk; closing delays; loan fallout,Loan Pipeline Risk Report; Underwriting Exception Report; Closing Readiness Report; Executive Mortgage Brief
P0,100,healthcare,html/suite-builder.html,TSM · Presentation Suite Builder,9,0,denial leakage; revenue-cycle backlog; appeal prioritization; documentation gaps; operational exceptions,Denial Recovery Report; Revenue Leakage Report; Appeal Priority Queue; Executive Revenue-Cycle Brief
P0,100,healthcare,html/tsm-insurance/insurance-claims-pro.html,TSM Insurance Operations Academy · Claims Lab,9,0,denial leakage; revenue-cycle backlog; appeal prioritization; documentation gaps; operational exceptions,Denial Recovery Report; Revenue Leakage Report; Appeal Priority Queue; Executive Revenue-Cycle Brief
P0,100,healthcare,html/tsm-insurance/pc-command.html,TSM | P&C Enterprise Command,9,0,denial leakage; revenue-cycle backlog; appeal prioritization; documentation gaps; operational exceptions,Denial Recovery Report; Revenue Leakage Report; Appeal Priority Queue; Executive Revenue-Cycle Brief
P0,100,construction,html/war-rooms/construct-war/construction-war-room.html,TSM Construction War Room,9,0,project cost leakage; permit delays; change-order exposure; billing/WIP backlog; field-office disconnect,Project Risk Report; WIP & Billing Report; Permit/Proposal Exception Report; Executive Project Brief
P0,100,insurance,html/war-rooms/insure-war/insurance-war-room.html,Insurance War Room · TSM,9,0,claims leakage; compliance exposure; agent productivity; underwriting risk; appeal/claim backlog,Claims Risk Report; Compliance Exception Report; Underwriting Risk Report; Executive Insurance Brief
P0,100,legal,html/war-rooms/legal-war/legal-war-room.html,Legal War Room · TSM Legal-Pro,9,0,matter backlog; deadline risk; document review burden; compliance exposure; case prioritization,Matter Risk Report; Deadline/Exception Report; Document Intelligence Brief; Executive Legal Brief
P0,100,mortgage,html/war-rooms/re-war/re-war-room.html,TSM // RE WAR ROOM,9,0,pipeline bottlenecks; documentation exceptions; underwriting risk; closing delays; loan fallout,Loan Pipeline Risk Report; Underwriting Exception Report; Closing Readiness Report; Executive Mortgage Brief
P0,100,insurance,html/agents-ins.html,TSM Insurance Intelligence — AI for Insurance Professionals,8,0,claims leakage; compliance exposure; agent productivity; underwriting risk; appeal/claim backlog,Claims Risk Report; Compliance Exception Report; Underwriting Risk Report; Executive Insurance Brief
P0,100,insurance,html/az-ins.tsmatter.html,AZ Insurance Command,8,0,claims leakage; compliance exposure; agent productivity; underwriting risk; appeal/claim backlog,Claims Risk Report; Compliance Exception Report; Underwriting Risk Report; Executive Insurance Brief
P0,100,healthcare,html/az-ins/index.html,AZ Insurance Command · NPN 18818059,8,0,denial leakage; revenue-cycle backlog; appeal prioritization; documentation gaps; operational exceptions,Denial Recovery Report; Revenue Leakage Report; Appeal Priority Queue; Executive Revenue-Cycle Brief
P0,100,healthcare,html/az-life/index.html,AZ Insurance Command · NPN 18818059,8,0,denial leakage; revenue-cycle backlog; appeal prioritization; documentation gaps; operational exceptions,Denial Recovery Report; Revenue Leakage Report; Appeal Priority Queue; Executive Revenue-Cycle Brief
P0,100,legal,html/bpo-legal.tsmatter.html,BPO Legal Command,8,0,matter backlog; deadline risk; document review burden; compliance exposure; case prioritization,Matter Risk Report; Deadline/Exception Report; Document Intelligence Brief; Executive Legal Brief
P0,100,real_estate,html/bpo-realty.tsmatter.html,BPO Realty Command,8,0,property operational leakage; maintenance backlog; vendor performance; turnover delays; portfolio visibility,Property Operations Report; Maintenance Exception Report; Vendor Performance Report; Portfolio Executive Brief
P0,100,legal,html/bpo-tax.tsmatter.html,BPO Tax Command,8,0,matter backlog; deadline risk; document review burden; compliance exposure; case prioritization,Matter Risk Report; Deadline/Exception Report; Document Intelligence Brief; Executive Legal Brief
P0,100,legal,html/case-tech.tsmatter.html,Case-Tech Command,8,0,matter backlog; deadline risk; document review burden; compliance exposure; case prioritization,Matter Risk Report; Deadline/Exception Report; Document Intelligence Brief; Executive Legal Brief
P0,100,construction,html/construction-command.tsmatter.html,TSM | Construction Command,8,0,project cost leakage; permit delays; change-order exposure; billing/WIP backlog; field-office disconnect,Project Risk Report; WIP & Billing Report; Permit/Proposal Exception Report; Executive Project Brief
P0,100,construction,html/construction-suite/construction-suite-expansion.html,TSM Construction Suite — Field & Document Ops,8,0,project cost leakage; permit delays; change-order exposure; billing/WIP backlog; field-office disconnect,Project Risk Report; WIP & Billing Report; Permit/Proposal Exception Report; Executive Project Brief
P0,100,construction,html/construction-suite/document-showcase.html,Construction BNCA · Neural Bridge · TSM,8,0,project cost leakage; permit delays; change-order exposure; billing/WIP backlog; field-office disconnect,Project Risk Report; WIP & Billing Report; Permit/Proposal Exception Report; Executive Project Brief
P0,100,healthcare,html/construction-suite/legal.html,Legal Analyst Pro · TSM Consultz,8,0,denial leakage; revenue-cycle backlog; appeal prioritization; documentation gaps; operational exceptions,Denial Recovery Report; Revenue Leakage Report; Appeal Priority Queue; Executive Revenue-Cycle Brief
P0,100,legal,html/desert-financial.tsmatter.html,Desert Financial Command,8,0,matter backlog; deadline risk; document review burden; compliance exposure; case prioritization,Matter Risk Report; Deadline/Exception Report; Document Intelligence Brief; Executive Legal Brief
P0,100,finops,html/financial-command.html,TSM | Financial Command,8,0,financial leakage; invoice exceptions; close-cycle delays; spend visibility; audit exposure,Financial Exception Report; Spend/Leakage Report; Close Readiness Report; Executive Finance Brief
P0,100,legal,html/financial-command.tsmatter.html,TSM | Financial Command,8,0,matter backlog; deadline risk; document review burden; compliance exposure; case prioritization,Matter Risk Report; Deadline/Exception Report; Document Intelligence Brief; Executive Legal Brief
P0,100,finops,html/finops-accounting.html,TSM FinOps · Financial Accounting Command,8,0,financial leakage; invoice exceptions; close-cycle delays; spend visibility; audit exposure,Financial Exception Report; Spend/Leakage Report; Close Readiness Report; Executive Finance Brief
P0,100,finops,html/finops-suite/finops-accounting.html,TSM FinOps · Financial Accounting Command,8,0,financial leakage; invoice exceptions; close-cycle delays; spend visibility; audit exposure,Financial Exception Report; Spend/Leakage Report; Close Readiness Report; Executive Finance Brief
P0,100,finops,html/finops-suite/finops-main-strategist/manager-bar-patch.html,FinOps Main Strategist · TSM,8,0,financial leakage; invoice exceptions; close-cycle delays; spend visibility; audit exposure,Financial Exception Report; Spend/Leakage Report; Close Readiness Report; Executive Finance Brief
P0,100,real_estate,html/finops-suite/finops-operations.html,TSM FinOps · Operations Suite,8,0,property operational leakage; maintenance backlog; vendor performance; turnover delays; portfolio visibility,Property Operations Report; Maintenance Exception Report; Vendor Performance Report; Portfolio Executive Brief
P0,100,finops,html/finops-suite/finops-war/finops-war-room.html,FinOps War Room · TSM,8,0,financial leakage; invoice exceptions; close-cycle delays; spend visibility; audit exposure,Financial Exception Report; Spend/Leakage Report; Close Readiness Report; Executive Finance Brief
P0,100,legal,html/hc-billing.tsmatter.html,HC Billing Command,8,0,matter backlog; deadline risk; document review burden; compliance exposure; case prioritization,Matter Risk Report; Deadline/Exception Report; Document Intelligence Brief; Executive Legal Brief
P0,100,legal,html/hc-compliance.tsmatter.html,HC Compliance Command,8,0,matter backlog; deadline risk; document review burden; compliance exposure; case prioritization,Matter Risk Report; Deadline/Exception Report; Document Intelligence Brief; Executive Legal Brief
P0,100,legal,html/hc-financial.tsmatter.html,HC Financial Command,8,0,matter backlog; deadline risk; document review burden; compliance exposure; case prioritization,Matter Risk Report; Deadline/Exception Report; Document Intelligence Brief; Executive Legal Brief
P0,100,legal,html/hc-grants.tsmatter.html,HC Grants Command,8,0,matter backlog; deadline risk; document review burden; compliance exposure; case prioritization,Matter Risk Report; Deadline/Exception Report; Document Intelligence Brief; Executive Legal Brief
P0,100,insurance,html/hc-insurance.tsmatter.html,HC Insurance Command,8,0,claims leakage; compliance exposure; agent productivity; underwriting risk; appeal/claim backlog,Claims Risk Report; Compliance Exception Report; Underwriting Risk Report; Executive Insurance Brief
P0,100,legal,html/hc-legal.tsmatter.html,HC Legal Command,8,0,matter backlog; deadline risk; document review burden; compliance exposure; case prioritization,Matter Risk Report; Deadline/Exception Report; Document Intelligence Brief; Executive Legal Brief
P0,100,healthcare,html/hc-medical.tsmatter.html,HC Medical Command,8,0,denial leakage; revenue-cycle backlog; appeal prioritization; documentation gaps; operational exceptions,Denial Recovery Report; Revenue Leakage Report; Appeal Priority Queue; Executive Revenue-Cycle Brief
P0,100,healthcare,html/hc-pharmacy.tsmatter.html,HC Pharmacy Command,8,0,denial leakage; revenue-cycle backlog; appeal prioritization; documentation gaps; operational exceptions,Denial Recovery Report; Revenue Leakage Report; Appeal Priority Queue; Executive Revenue-Cycle Brief
P0,100,legal,html/hc-strategist.tsmatter.html,HC Strategist Command,8,0,matter backlog; deadline risk; document review burden; compliance exposure; case prioritization,Matter Risk Report; Deadline/Exception Report; Document Intelligence Brief; Executive Legal Brief
P0,100,legal,html/hc-taxprep.tsmatter.html,HC Tax Prep Command,8,0,matter backlog; deadline risk; document review burden; compliance exposure; case prioritization,Matter Risk Report; Deadline/Exception Report; Document Intelligence Brief; Executive Legal Brief
P0,100,legal,html/hc-vendors.tsmatter.html,HC Vendors Command,8,0,matter backlog; deadline risk; document review burden; compliance exposure; case prioritization,Matter Risk Report; Deadline/Exception Report; Document Intelligence Brief; Executive Legal Brief
P0,100,healthcare,html/healthcare/hc-financial/index.html,HC FINANCIAL COMMAND · TSM Healthcare,8,0,denial leakage; revenue-cycle backlog; appeal prioritization; documentation gaps; operational exceptions,Denial Recovery Report; Revenue Leakage Report; Appeal Priority Queue; Executive Revenue-Cycle Brief
P0,100,healthcare,html/healthcare/hc-grants/index.html,HC GRANTS COMMAND · TSM Healthcare,8,0,denial leakage; revenue-cycle backlog; appeal prioritization; documentation gaps; operational exceptions,Denial Recovery Report; Revenue Leakage Report; Appeal Priority Queue; Executive Revenue-Cycle Brief
P0,100,healthcare,html/healthcare/hc-insurance/index.html,HC INSURANCE COMMAND · TSM Healthcare,8,0,denial leakage; revenue-cycle backlog; appeal prioritization; documentation gaps; operational exceptions,Denial Recovery Report; Revenue Leakage Report; Appeal Priority Queue; Executive Revenue-Cycle Brief
P0,100,healthcare,html/healthcare/hc-main-strategist.html,HC Strategist · Healthcare · Neural Core,8,0,denial leakage; revenue-cycle backlog; appeal prioritization; documentation gaps; operational exceptions,Denial Recovery Report; Revenue Leakage Report; Appeal Priority Queue; Executive Revenue-Cycle Brief
P0,100,healthcare,html/healthcare/hc-operations/index.html,HC OPERATIONS COMMAND · TSM Healthcare,8,0,denial leakage; revenue-cycle backlog; appeal prioritization; documentation gaps; operational exceptions,Denial Recovery Report; Revenue Leakage Report; Appeal Priority Queue; Executive Revenue-Cycle Brief
P0,100,healthcare,html/healthcare/hc-pharmacy/index.html,HC PHARMACY COMMAND · TSM Healthcare,8,0,denial leakage; revenue-cycle backlog; appeal prioritization; documentation gaps; operational exceptions,Denial Recovery Report; Revenue Leakage Report; Appeal Priority Queue; Executive Revenue-Cycle Brief
P0,100,healthcare,html/healthcare/hc-strategist/index.html,HC STRATEGIST · TSM Healthcare Full System,8,0,denial leakage; revenue-cycle backlog; appeal prioritization; documentation gaps; operational exceptions,Denial Recovery Report; Revenue Leakage Report; Appeal Priority Queue; Executive Revenue-Cycle Brief
P0,100,healthcare,html/healthcare/hc-taxprep/index.html,HC TAX PREP COMMAND · TSM Healthcare,8,0,denial leakage; revenue-cycle backlog; appeal prioritization; documentation gaps; operational exceptions,Denial Recovery Report; Revenue Leakage Report; Appeal Priority Queue; Executive Revenue-Cycle Brief
P0,100,healthcare,html/healthcare/hc-vendors/index.html,HC VENDORS COMMAND · TSM Healthcare,8,0,denial leakage; revenue-cycle backlog; appeal prioritization; documentation gaps; operational exceptions,Denial Recovery Report; Revenue Leakage Report; Appeal Priority Queue; Executive Revenue-Cycle Brief
P0,100,real_estate,html/legal-pro/case-strategist.html,TSM Legal Main Strategist,8,0,property operational leakage; maintenance backlog; vendor performance; turnover delays; portfolio visibility,Property Operations Report; Maintenance Exception Report; Vendor Performance Report; Portfolio Executive Brief
P0,100,healthcare,html/legal-pro/index.html,TSM Legal Pro Suite · TSM Consultz,8,0,denial leakage; revenue-cycle backlog; appeal prioritization; documentation gaps; operational exceptions,Denial Recovery Report; Revenue Leakage Report; Appeal Priority Queue; Executive Revenue-Cycle Brief
P0,100,legal,html/legal-pro/legal-account.html,TSM FinOps · Financial Accounting POC,8,0,matter backlog; deadline risk; document review burden; compliance exposure; case prioritization,Matter Risk Report; Deadline/Exception Report; Document Intelligence Brief; Executive Legal Brief
P0,100,legal,html/pc-command.tsmatter.html,PC Command,8,0,matter backlog; deadline risk; document review burden; compliance exposure; case prioritization,Matter Risk Report; Deadline/Exception Report; Document Intelligence Brief; Executive Legal Brief
P0,100,mortgage,html/reo-pro.tsmatter.html,REO Pro Command,8,0,pipeline bottlenecks; documentation exceptions; underwriting risk; closing delays; loan fallout,Loan Pipeline Risk Report; Underwriting Exception Report; Closing Readiness Report; Executive Mortgage Brief
P0,100,healthcare,html/reo-pro/index.html,RealtyOps AI | Real Estate Intelligence Command Center,8,0,denial leakage; revenue-cycle backlog; appeal prioritization; documentation gaps; operational exceptions,Denial Recovery Report; Revenue Leakage Report; Appeal Priority Queue; Executive Revenue-Cycle Brief
P0,100,legal,html/rrd-command.tsmatter.html,RRD Command,8,0,matter backlog; deadline risk; document review burden; compliance exposure; case prioritization,Matter Risk Report; Deadline/Exception Report; Document Intelligence Brief; Executive Legal Brief
P0,100,legal,html/strategist00.tsmatter.html,Sovereign Strategist,8,0,matter backlog; deadline risk; document review burden; compliance exposure; case prioritization,Matter Risk Report; Deadline/Exception Report; Document Intelligence Brief; Executive Legal Brief
P0,100,healthcare,html/suite-builder/index.html,TSM · Presentation Suite Builder,8,0,denial leakage; revenue-cycle backlog; appeal prioritization; documentation gaps; operational exceptions,Denial Recovery Report; Revenue Leakage Report; Appeal Priority Queue; Executive Revenue-Cycle Brief
P0,100,general,html/tsm-consultz-access.html,TSM Client Access — Sovereign Intelligence Portal,8,0,manual work; workflow fragmentation; decision delays; reporting burden; limited executive visibility,Exception Report; Workflow Performance Report; Decision Brief; Executive Operations Report
P0,100,healthcare,html/tsm-doc-search-multi.html,TSM Document Search · FinOps · Insurance · Construction · BPO,8,0,denial leakage; revenue-cycle backlog; appeal prioritization; documentation gaps; operational exceptions,Denial Recovery Report; Revenue Leakage Report; Appeal Priority Queue; Executive Revenue-Cycle Brief
P0,100,healthcare,html/tsm-insurance/az-ins.html,AZ Insurance Command · NPN 18818059,8,0,denial leakage; revenue-cycle backlog; appeal prioritization; documentation gaps; operational exceptions,Denial Recovery Report; Revenue Leakage Report; Appeal Priority Queue; Executive Revenue-Cycle Brief
P0,100,healthcare,html/tsm-insurance/ins-claims.html,TSM Insurance · Claims Command,8,0,denial leakage; revenue-cycle backlog; appeal prioritization; documentation gaps; operational exceptions,Denial Recovery Report; Revenue Leakage Report; Appeal Priority Queue; Executive Revenue-Cycle Brief
P0,100,insurance,html/tsm-insurance/ins-compliance.html,TSM Insurance · Compliance Command,8,0,claims leakage; compliance exposure; agent productivity; underwriting risk; appeal/claim backlog,Claims Risk Report; Compliance Exception Report; Underwriting Risk Report; Executive Insurance Brief
P0,100,insurance,html/tsm-insurance/ins-liability.html,TSM Insurance · Liability Command,8,0,claims leakage; compliance exposure; agent productivity; underwriting risk; appeal/claim backlog,Claims Risk Report; Compliance Exception Report; Underwriting Risk Report; Executive Insurance Brief
P0,100,insurance,html/tsm-insurance/ins-malpractice.html,TSM Insurance · Malpractice Command,8,0,claims leakage; compliance exposure; agent productivity; underwriting risk; appeal/claim backlog,Claims Risk Report; Compliance Exception Report; Underwriting Risk Report; Executive Insurance Brief
P0,100,mortgage,html/tsm-insurance/ins-underwriting.html,TSM Insurance · Underwriting Command,8,0,pipeline bottlenecks; documentation exceptions; underwriting risk; closing delays; loan fallout,Loan Pipeline Risk Report; Underwriting Exception Report; Closing Readiness Report; Executive Mortgage Brief
P0,100,healthcare,html/tsm-insurance/legal.html,Legal Analyst Pro · TSM Consultz,8,0,denial leakage; revenue-cycle backlog; appeal prioritization; documentation gaps; operational exceptions,Denial Recovery Report; Revenue Leakage Report; Appeal Priority Queue; Executive Revenue-Cycle Brief
P0,100,finops,html/tsm-shell-bpo-tax-portal.html,TSM Shell,8,0,financial leakage; invoice exceptions; close-cycle delays; spend visibility; audit exposure,Financial Exception Report; Spend/Leakage Report; Close Readiness Report; Executive Finance Brief
P0,100,insurance,html/war-rooms/insure-war/insurance-strategist.html,Insurance Strategist · TSM,8,0,claims leakage; compliance exposure; agent productivity; underwriting risk; appeal/claim backlog,Claims Risk Report; Compliance Exception Report; Underwriting Risk Report; Executive Insurance Brief
P0,100,insurance,html/agents-ins/index.html,TSM Insurance Intelligence — AI for Insurance Professionals,7,0,claims leakage; compliance exposure; agent productivity; underwriting risk; appeal/claim backlog,Claims Risk Report; Compliance Exception Report; Underwriting Risk Report; Executive Insurance Brief
P0,100,construction,html/auditops-pro.html,AuditOps Pro · TSM AI Tax Intelligence Platform,7,0,project cost leakage; permit delays; change-order exposure; billing/WIP backlog; field-office disconnect,Project Risk Report; WIP & Billing Report; Permit/Proposal Exception Report; Executive Project Brief
P0,100,insurance,html/compliance.html,TSM Compliance Command | AI-Powered Regulatory Intelligence,7,0,claims leakage; compliance exposure; agent productivity; underwriting risk; appeal/claim backlog,Claims Risk Report; Compliance Exception Report; Underwriting Risk Report; Executive Insurance Brief
P0,100,construction,html/construction-suite/auditops-tax.html,AuditOps Pro · TSM AI Tax Intelligence Platform,7,0,project cost leakage; permit delays; change-order exposure; billing/WIP backlog; field-office disconnect,Project Risk Report; WIP & Billing Report; Permit/Proposal Exception Report; Executive Project Brief
P0,100,construction,html/construction-suite/construction-command-pro.html,TSM | CONSTRUCTION COMMAND,7,0,project cost leakage; permit delays; change-order exposure; billing/WIP backlog; field-office disconnect,Project Risk Report; WIP & Billing Report; Permit/Proposal Exception Report; Executive Project Brief
P0,100,construction,html/construction-suite/construction-command.html,TSM | CONSTRUCTION COMMAND,7,0,project cost leakage; permit delays; change-order exposure; billing/WIP backlog; field-office disconnect,Project Risk Report; WIP & Billing Report; Permit/Proposal Exception Report; Executive Project Brief
P0,100,construction,html/construction-suite/construction-hub.html,TSM Construction Intelligence Suite · Command Hub,7,0,project cost leakage; permit delays; change-order exposure; billing/WIP backlog; field-office disconnect,Project Risk Report; WIP & Billing Report; Permit/Proposal Exception Report; Executive Project Brief
P0,100,construction,html/construction-suite/financial/index.html,TSM | Financial Command,7,0,project cost leakage; permit delays; change-order exposure; billing/WIP backlog; field-office disconnect,Project Risk Report; WIP & Billing Report; Permit/Proposal Exception Report; Executive Project Brief
P0,100,construction,html/construction-suite/index.html,TSM Construction Intelligence Suite · Command Hub,7,0,project cost leakage; permit delays; change-order exposure; billing/WIP backlog; field-office disconnect,Project Risk Report; WIP & Billing Report; Permit/Proposal Exception Report; Executive Project Brief
P0,100,construction,html/construction-suite/tsm-construction-pitch.html,TSM Construction Command — Executive Intelligence Suite,7,0,project cost leakage; permit delays; change-order exposure; billing/WIP backlog; field-office disconnect,Project Risk Report; WIP & Billing Report; Permit/Proposal Exception Report; Executive Project Brief
P0,100,construction,html/finops-command-suite-v2.html,TSM FinOps Command Suite — Autonomous Financial Intelligence,7,0,project cost leakage; permit delays; change-order exposure; billing/WIP backlog; field-office disconnect,Project Risk Report; WIP & Billing Report; Permit/Proposal Exception Report; Executive Project Brief
P0,100,finops,html/finops-main-strategist.html,TSM · FinOps Main Strategist · Controller Action Plan,7,0,financial leakage; invoice exceptions; close-cycle delays; spend visibility; audit exposure,Financial Exception Report; Spend/Leakage Report; Close Readiness Report; Executive Finance Brief
P0,100,insurance,html/finops-suite/compliance.html,TSM Compliance Command | AI-Powered Regulatory Intelligence,7,0,claims leakage; compliance exposure; agent productivity; underwriting risk; appeal/claim backlog,Claims Risk Report; Compliance Exception Report; Underwriting Risk Report; Executive Insurance Brief
P0,100,finops,html/finops-suite/doc-analysis-tab.html,TSM · FinOps Intelligence · Document Processor,7,0,financial leakage; invoice exceptions; close-cycle delays; spend visibility; audit exposure,Financial Exception Report; Spend/Leakage Report; Close Readiness Report; Executive Finance Brief
P0,100,finops,html/finops-suite/finops-main-strategist/index.html,TSM · FinOps Main Strategist · Controller Action Plan,7,0,financial leakage; invoice exceptions; close-cycle delays; spend visibility; audit exposure,Financial Exception Report; Spend/Leakage Report; Close Readiness Report; Executive Finance Brief
P0,100,finops,html/finops-suite/finops-war/finops-main-strategist.html,TSM · FinOps Main Strategist · Controller Action Plan,7,0,financial leakage; invoice exceptions; close-cycle delays; spend visibility; audit exposure,Financial Exception Report; Spend/Leakage Report; Close Readiness Report; Executive Finance Brief
P0,100,construction,html/finops-suite/tax.html,AuditOps Pro · TSM AI Tax Intelligence Platform,7,0,project cost leakage; permit delays; change-order exposure; billing/WIP backlog; field-office disconnect,Project Risk Report; WIP & Billing Report; Permit/Proposal Exception Report; Executive Project Brief
P0,100,construction,html/finops-suite/zero-trust.html,TSM Zero-Trust | Enterprise Access Command,7,0,project cost leakage; permit delays; change-order exposure; billing/WIP backlog; field-office disconnect,Project Risk Report; WIP & Billing Report; Permit/Proposal Exception Report; Executive Project Brief
P0,100,healthcare,html/healthcare/executive-portal.html,TSM · RCM Executive Command,7,0,denial leakage; revenue-cycle backlog; appeal prioritization; documentation gaps; operational exceptions,Denial Recovery Report; Revenue Leakage Report; Appeal Priority Queue; Executive Revenue-Cycle Brief
P0,100,healthcare,html/healthcare/hc-academy/poc-html/index.html,HC Command Center · Guided PoC,7,0,denial leakage; revenue-cycle backlog; appeal prioritization; documentation gaps; operational exceptions,Denial Recovery Report; Revenue Leakage Report; Appeal Priority Queue; Executive Revenue-Cycle Brief
P0,100,healthcare,html/healthcare/hc-billing/index.html,HC BILLING COMMAND · TSM Healthcare,7,0,denial leakage; revenue-cycle backlog; appeal prioritization; documentation gaps; operational exceptions,Denial Recovery Report; Revenue Leakage Report; Appeal Priority Queue; Executive Revenue-Cycle Brief
P0,100,healthcare,html/healthcare/hc-compliance/index.html,HC COMPLIANCE COMMAND · TSM Healthcare,7,0,denial leakage; revenue-cycle backlog; appeal prioritization; documentation gaps; operational exceptions,Denial Recovery Report; Revenue Leakage Report; Appeal Priority Queue; Executive Revenue-Cycle Brief
P0,100,healthcare,html/healthcare/hc-legal/index.html,HC LEGAL COMMAND · TSM Healthcare,7,0,denial leakage; revenue-cycle backlog; appeal prioritization; documentation gaps; operational exceptions,Denial Recovery Report; Revenue Leakage Report; Appeal Priority Queue; Executive Revenue-Cycle Brief
P0,100,healthcare,html/healthcare/hc-medical/index.html,HC MEDICAL COMMAND · TSM Healthcare,7,0,denial leakage; revenue-cycle backlog; appeal prioritization; documentation gaps; operational exceptions,Denial Recovery Report; Revenue Leakage Report; Appeal Priority Queue; Executive Revenue-Cycle Brief
P0,100,itops,html/l1-copilot/enterprise-command-center.html,TSM Enterprise Command Center,7,0,ticket backlog; incident response delays; SLA risk; endpoint/network troubleshooting; knowledge gaps,Incident Summary Report; Ticket/SLA Report; Root-Cause Report; Executive IT Operations Brief
P0,100,itops,html/l1-copilot/vmware-copilot.html,TSM VMware Operations Copilot,7,0,ticket backlog; incident response delays; SLA risk; endpoint/network troubleshooting; knowledge gaps,Incident Summary Report; Ticket/SLA Report; Root-Cause Report; Executive IT Operations Brief
P0,100,construction,html/legal-pro/legal-tax.html,AuditOps Pro · TSM AI Tax Intelligence Platform,7,0,project cost leakage; permit delays; change-order exposure; billing/WIP backlog; field-office disconnect,Project Risk Report; WIP & Billing Report; Permit/Proposal Exception Report; Executive Project Brief
P0,100,general,html/logistics/logistics-situation-room.html,TSM · Logistics Situation Room,7,0,manual work; workflow fragmentation; decision delays; reporting burden; limited executive visibility,Exception Report; Workflow Performance Report; Decision Brief; Executive Operations Report
P0,100,bpo,html/supplier-vendor/supplier-vendor-situation-room.html,TSM · Supplier/Vendor Management Situation Room,7,0,processing backlog; SLA misses; quality variance; manual processing; client reporting burden,SLA Performance Report; Processing Exception Report; Quality/Throughput Report; Client Executive Brief
P0,100,construction,html/tax-prep.html,AuditOps Pro · TSM AI Tax Intelligence Platform,7,0,project cost leakage; permit delays; change-order exposure; billing/WIP backlog; field-office disconnect,Project Risk Report; WIP & Billing Report; Permit/Proposal Exception Report; Executive Project Brief
P0,100,construction,html/tax-prep/index.html,AuditOps Pro · TSM AI Tax Intelligence Platform,7,0,project cost leakage; permit delays; change-order exposure; billing/WIP backlog; field-office disconnect,Project Risk Report; WIP & Billing Report; Permit/Proposal Exception Report; Executive Project Brief
P0,100,healthcare,html/tsm-ab-study-plan.html,TSM · AI-103 · Azure AI Apps & Agents Developer · 3-Week Plan,7,0,denial leakage; revenue-cycle backlog; appeal prioritization; documentation gaps; operational exceptions,Denial Recovery Report; Revenue Leakage Report; Appeal Priority Queue; Executive Revenue-Cycle Brief
P0,100,healthcare,html/tsm-consultz-portfolio.html,TSM Consultz LLC | Latorrey Whitehead — Chief Solutions Architect,7,0,denial leakage; revenue-cycle backlog; appeal prioritization; documentation gaps; operational exceptions,Denial Recovery Report; Revenue Leakage Report; Appeal Priority Queue; Executive Revenue-Cycle Brief
P0,100,insurance,html/tsm-insurance/compliance.html,TSM Compliance Command | AI-Powered Regulatory Intelligence,7,0,claims leakage; compliance exposure; agent productivity; underwriting risk; appeal/claim backlog,Claims Risk Report; Compliance Exception Report; Underwriting Risk Report; Executive Insurance Brief
P0,100,insurance,html/tsm-insurance/ins-appeals.html,TSM Insurance · Appeals Command,7,0,claims leakage; compliance exposure; agent productivity; underwriting risk; appeal/claim backlog,Claims Risk Report; Compliance Exception Report; Underwriting Risk Report; Executive Insurance Brief
P0,100,healthcare,html/tsm-insurance/ins-hub1.html,TSM Insurance Command Hub,7,0,denial leakage; revenue-cycle backlog; appeal prioritization; documentation gaps; operational exceptions,Denial Recovery Report; Revenue Leakage Report; Appeal Priority Queue; Executive Revenue-Cycle Brief
P0,100,construction,html/tsm-insurance/tax-prep.html,AuditOps Pro · TSM AI Tax Intelligence Platform,7,0,project cost leakage; permit delays; change-order exposure; billing/WIP backlog; field-office disconnect,Project Risk Report; WIP & Billing Report; Permit/Proposal Exception Report; Executive Project Brief
P0,100,healthcare,html/tsm-job-prep.html,TSM Career OS — Healthcare Ops Simulator,7,0,denial leakage; revenue-cycle backlog; appeal prioritization; documentation gaps; operational exceptions,Denial Recovery Report; Revenue Leakage Report; Appeal Priority Queue; Executive Revenue-Cycle Brief
P0,100,healthcare,html/tsm-job-prep1.html,TSM Career OS — Healthcare Ops Simulator,7,0,denial leakage; revenue-cycle backlog; appeal prioritization; documentation gaps; operational exceptions,Denial Recovery Report; Revenue Leakage Report; Appeal Priority Queue; Executive Revenue-Cycle Brief
P0,100,bpo,html/war-rooms/bpo-war/bpo-war-room.html,TSM · BPO Situation Room,7,0,processing backlog; SLA misses; quality variance; manual processing; client reporting burden,SLA Performance Report; Processing Exception Report; Quality/Throughput Report; Client Executive Brief
P0,100,general,html/war-rooms/re-war/re-strategist.html,TSM // RE STRATEGIST,7,0,manual work; workflow fragmentation; decision delays; reporting burden; limited executive visibility,Exception Report; Workflow Performance Report; Decision Brief; Executive Operations Report
P0,100,healthcare,html/war-rooms/war-room-prep.html,TSM — War Room Pre-Presentation Checklist,7,0,denial leakage; revenue-cycle backlog; appeal prioritization; documentation gaps; operational exceptions,Denial Recovery Report; Revenue Leakage Report; Appeal Priority Queue; Executive Revenue-Cycle Brief
P0,100,healthcare,html/access.html,TSM Matter · Client Portal,6,0,denial leakage; revenue-cycle backlog; appeal prioritization; documentation gaps; operational exceptions,Denial Recovery Report; Revenue Leakage Report; Appeal Priority Queue; Executive Revenue-Cycle Brief
P0,100,construction,html/construction-center.html,TSM | Construction Command,6,0,project cost leakage; permit delays; change-order exposure; billing/WIP backlog; field-office disconnect,Project Risk Report; WIP & Billing Report; Permit/Proposal Exception Report; Executive Project Brief
P0,100,construction,html/construction-suite/compliance-hub.html,TSM Compliance Command | AI-Powered Regulatory Intelligence,6,0,project cost leakage; permit delays; change-order exposure; billing/WIP backlog; field-office disconnect,Project Risk Report; WIP & Billing Report; Permit/Proposal Exception Report; Executive Project Brief
P0,100,construction,html/construction-suite/compliance.html,TSM Compliance Command | AI-Powered Regulatory Intelligence,6,0,project cost leakage; permit delays; change-order exposure; billing/WIP backlog; field-office disconnect,Project Risk Report; WIP & Billing Report; Permit/Proposal Exception Report; Executive Project Brief
P0,100,construction,html/construction-suite/construction-showcase-v2.html,TSM · FinOps Doc Showcase · 4-Engine BNCA,6,0,project cost leakage; permit delays; change-order exposure; billing/WIP backlog; field-office disconnect,Project Risk Report; WIP & Billing Report; Permit/Proposal Exception Report; Executive Project Brief
P0,100,healthcare,html/construction-suite/financial.html,TSM Financial Intelligence Pro,6,0,denial leakage; revenue-cycle backlog; appeal prioritization; documentation gaps; operational exceptions,Denial Recovery Report; Revenue Leakage Report; Appeal Priority Queue; Executive Revenue-Cycle Brief
P0,100,construction,html/construction-suite/permits-proposals.html,Permits & Proposals · TSM Construction Suite,6,0,project cost leakage; permit delays; change-order exposure; billing/WIP backlog; field-office disconnect,Project Risk Report; WIP & Billing Report; Permit/Proposal Exception Report; Executive Project Brief
P0,100,healthcare,html/construction-suite/property-accounting-revenue-cycle.html,TSM · Construction · Property Accounting & Revenue Cycle,6,0,denial leakage; revenue-cycle backlog; appeal prioritization; documentation gaps; operational exceptions,Denial Recovery Report; Revenue Leakage Report; Appeal Priority Queue; Executive Revenue-Cycle Brief
P0,100,construction,html/construction-suite/tsm-construction-command.html,TSM Construction Command Suite — Autonomous Project Intelligence,6,0,project cost leakage; permit delays; change-order exposure; billing/WIP backlog; field-office disconnect,Project Risk Report; WIP & Billing Report; Permit/Proposal Exception Report; Executive Project Brief
P0,100,construction,html/construction-suite/zero-trust.html,TSM Zero-Trust | Enterprise Access Command,6,0,project cost leakage; permit delays; change-order exposure; billing/WIP backlog; field-office disconnect,Project Risk Report; WIP & Billing Report; Permit/Proposal Exception Report; Executive Project Brief
P0,100,healthcare,html/financial.html,TSM Financial Intelligence Pro,6,0,denial leakage; revenue-cycle backlog; appeal prioritization; documentation gaps; operational exceptions,Denial Recovery Report; Revenue Leakage Report; Appeal Priority Queue; Executive Revenue-Cycle Brief
P0,100,finops,html/finops-suite/finops-main-strategist/main-strategist.html,FinOps Main Strategist,6,0,financial leakage; invoice exceptions; close-cycle delays; spend visibility; audit exposure,Financial Exception Report; Spend/Leakage Report; Close Readiness Report; Executive Finance Brief
P0,100,legal,html/finops-suite/finops-showcase-v1.html,FinOps Doc Showcase,6,0,matter backlog; deadline risk; document review burden; compliance exposure; case prioritization,Matter Risk Report; Deadline/Exception Report; Document Intelligence Brief; Executive Legal Brief
P0,100,legal,html/finops-suite/finops-showcase-v2.html,TSM · FinOps Doc Showcase · 4-Engine BNCA,6,0,matter backlog; deadline risk; document review burden; compliance exposure; case prioritization,Matter Risk Report; Deadline/Exception Report; Document Intelligence Brief; Executive Legal Brief
P0,100,legal,html/finops-suite/finops-showcase/index.html,TSM · FINOPS DOC SHOWCASE,6,0,matter backlog; deadline risk; document review burden; compliance exposure; case prioritization,Matter Risk Report; Deadline/Exception Report; Document Intelligence Brief; Executive Legal Brief
P0,100,healthcare,html/finops-suite/index-elevated.html,TSM Financial Intelligence Pro,6,0,denial leakage; revenue-cycle backlog; appeal prioritization; documentation gaps; operational exceptions,Denial Recovery Report; Revenue Leakage Report; Appeal Priority Queue; Executive Revenue-Cycle Brief
P0,100,real_estate,html/finops-suite/staff-accountant-interview.html,TSM FinOps · Staff Accountant Interview Suite,6,0,property operational leakage; maintenance backlog; vendor performance; turnover delays; portfolio visibility,Property Operations Report; Maintenance Exception Report; Vendor Performance Report; Portfolio Executive Brief
P0,100,real_estate,html/hotelops/hotelops-war-room.html,GID | HotelOps War Room,6,0,property operational leakage; maintenance backlog; vendor performance; turnover delays; portfolio visibility,Property Operations Report; Maintenance Exception Report; Vendor Performance Report; Portfolio Executive Brief
P0,100,construction,html/pc-command/index.html,P&C Enterprise Command · TSM,6,0,project cost leakage; permit delays; change-order exposure; billing/WIP backlog; field-office disconnect,Project Risk Report; WIP & Billing Report; Permit/Proposal Exception Report; Executive Project Brief
P0,100,construction,html/strategist-index.html,Sovereign Strategist | The Ultimate Business Consultant,6,0,project cost leakage; permit delays; change-order exposure; billing/WIP backlog; field-office disconnect,Project Risk Report; WIP & Billing Report; Permit/Proposal Exception Report; Executive Project Brief
P0,100,healthcare,html/tsm-bpo-daily-workflow-gtm.html,TSM BPO DAILY WORKFLOW,6,0,denial leakage; revenue-cycle backlog; appeal prioritization; documentation gaps; operational exceptions,Denial Recovery Report; Revenue Leakage Report; Appeal Priority Queue; Executive Revenue-Cycle Brief
P0,100,healthcare,html/tsm-candidate-readiness-v2.html,TSM · Employee Readiness & Retention System,6,0,denial leakage; revenue-cycle backlog; appeal prioritization; documentation gaps; operational exceptions,Denial Recovery Report; Revenue Leakage Report; Appeal Priority Queue; Executive Revenue-Cycle Brief
P0,100,healthcare,html/tsm-career-training-platform.html,TSM Career Training Platform · Decision Intelligence Academy,6,0,denial leakage; revenue-cycle backlog; appeal prioritization; documentation gaps; operational exceptions,Denial Recovery Report; Revenue Leakage Report; Appeal Priority Queue; Executive Revenue-Cycle Brief
P0,100,construction,html/war-rooms/construct-war/construction-strategist.html,Construction Strategist · TSM,6,0,project cost leakage; permit delays; change-order exposure; billing/WIP backlog; field-office disconnect,Project Risk Report; WIP & Billing Report; Permit/Proposal Exception Report; Executive Project Brief
P0,100,finops,html/war-rooms/pm-copilot/pm-command.html,TSM | PM Copilot War Room,6,0,financial leakage; invoice exceptions; close-cycle delays; spend visibility; audit exposure,Financial Exception Report; Spend/Leakage Report; Close Readiness Report; Executive Finance Brief
P0,100,healthcare,html/war-rooms/schools-command/schools-command.html,TSM School Command Center,6,0,denial leakage; revenue-cycle backlog; appeal prioritization; documentation gaps; operational exceptions,Denial Recovery Report; Revenue Leakage Report; Appeal Priority Queue; Executive Revenue-Cycle Brief
P0,100,healthcare,html/wia2.html,WIA · Workforce Intelligence Platform,6,0,denial leakage; revenue-cycle backlog; appeal prioritization; documentation gaps; operational exceptions,Denial Recovery Report; Revenue Leakage Report; Appeal Priority Queue; Executive Revenue-Cycle Brief
P0,100,construction,html/zero-trust.html,TSM Zero-Trust | Enterprise Access Command,6,0,project cost leakage; permit delays; change-order exposure; billing/WIP backlog; field-office disconnect,Project Risk Report; WIP & Billing Report; Permit/Proposal Exception Report; Executive Project Brief
P0,100,healthcare,html/appointments/index.html,TSM Healthcare Command Center · BNCA Full System,5,0,denial leakage; revenue-cycle backlog; appeal prioritization; documentation gaps; operational exceptions,Denial Recovery Report; Revenue Leakage Report; Appeal Priority Queue; Executive Revenue-Cycle Brief
P0,100,healthcare,html/client-access.html,TSM Client Access — Sovereign Intelligence Portal,5,0,denial leakage; revenue-cycle backlog; appeal prioritization; documentation gaps; operational exceptions,Denial Recovery Report; Revenue Leakage Report; Appeal Priority Queue; Executive Revenue-Cycle Brief
P0,100,legal,html/compliance/index.html,TSM Compliance Command | AI-Powered Regulatory Intelligence,5,0,matter backlog; deadline risk; document review burden; compliance exposure; case prioritization,Matter Risk Report; Deadline/Exception Report; Document Intelligence Brief; Executive Legal Brief
P0,100,construction,html/construction-suite/construction-pro.html,AuditOps // Sovereign Core · TSM,5,0,project cost leakage; permit delays; change-order exposure; billing/WIP backlog; field-office disconnect,Project Risk Report; WIP & Billing Report; Permit/Proposal Exception Report; Executive Project Brief
P0,100,construction,html/construction-suite/construction-wip.html,TSM · Construction WIP + Billing Intelligence,5,0,project cost leakage; permit delays; change-order exposure; billing/WIP backlog; field-office disconnect,Project Risk Report; WIP & Billing Report; Permit/Proposal Exception Report; Executive Project Brief
P0,100,construction,html/construction-suite/contruction-pro.html,AuditOps // Sovereign Core · TSM,5,0,project cost leakage; permit delays; change-order exposure; billing/WIP backlog; field-office disconnect,Project Risk Report; WIP & Billing Report; Permit/Proposal Exception Report; Executive Project Brief
P0,100,construction,html/construction-wip.html,TSM · Construction WIP + Billing Intelligence,5,0,project cost leakage; permit delays; change-order exposure; billing/WIP backlog; field-office disconnect,Project Risk Report; WIP & Billing Report; Permit/Proposal Exception Report; Executive Project Brief
P0,100,bpo,html/cyber-incident.html,TSM · Cyber/OT Incident Command Center,5,0,processing backlog; SLA misses; quality variance; manual processing; client reporting burden,SLA Performance Report; Processing Exception Report; Quality/Throughput Report; Client Executive Brief
P0,100,finops,html/finops-main-strategist1.html,FinOps Main Strategist · TSM,5,0,financial leakage; invoice exceptions; close-cycle delays; spend visibility; audit exposure,Financial Exception Report; Spend/Leakage Report; Close Readiness Report; Executive Finance Brief
P0,100,healthcare,html/finops-suite/financial-ui.html,TSM Financial Operations · Start Here,5,0,denial leakage; revenue-cycle backlog; appeal prioritization; documentation gaps; operational exceptions,Denial Recovery Report; Revenue Leakage Report; Appeal Priority Queue; Executive Revenue-Cycle Brief
P0,100,finops,html/finops-suite/finops-main-strategist/index1.html,FinOps Main Strategist · TSM,5,0,financial leakage; invoice exceptions; close-cycle delays; spend visibility; audit exposure,Financial Exception Report; Spend/Leakage Report; Close Readiness Report; Executive Finance Brief
P0,100,finops,html/finops-suite/tsm-finops-pitch.html,TSM FinOps Intelligence Suite — Client Demo,5,0,financial leakage; invoice exceptions; close-cycle delays; spend visibility; audit exposure,Financial Exception Report; Spend/Leakage Report; Close Readiness Report; Executive Finance Brief
P0,100,construction,html/finops-suite/wip/index.html,TSM · FinOps WIP Intelligence,5,0,project cost leakage; permit delays; change-order exposure; billing/WIP backlog; field-office disconnect,Project Risk Report; WIP & Billing Report; Permit/Proposal Exception Report; Executive Project Brief
P0,100,construction,html/legal-pro/legal-trust.html,TSM Zero-Trust | Enterprise Access Command,5,0,project cost leakage; permit delays; change-order exposure; billing/WIP backlog; field-office disconnect,Project Risk Report; WIP & Billing Report; Permit/Proposal Exception Report; Executive Project Brief
P0,100,healthcare,html/mortgage/index.html,TSM Financial Intelligence Pro,5,0,denial leakage; revenue-cycle backlog; appeal prioritization; documentation gaps; operational exceptions,Denial Recovery Report; Revenue Leakage Report; Appeal Priority Queue; Executive Revenue-Cycle Brief
P0,100,bpo,html/plant-incident.html,TSM · Plant Incident Command Center,5,0,processing backlog; SLA misses; quality variance; manual processing; client reporting burden,SLA Performance Report; Processing Exception Report; Quality/Throughput Report; Client Executive Brief
P0,100,bpo,html/supplier-shutdown.html,TSM · Supplier Shutdown War Room,5,0,processing backlog; SLA misses; quality variance; manual processing; client reporting burden,SLA Performance Report; Processing Exception Report; Quality/Throughput Report; Client Executive Brief
P0,100,healthcare,html/tsm-insurance/tsm-insurance-suite-index.html,TSM · Insurance Suite,5,0,denial leakage; revenue-cycle backlog; appeal prioritization; documentation gaps; operational exceptions,Denial Recovery Report; Revenue Leakage Report; Appeal Priority Queue; Executive Revenue-Cycle Brief
P0,100,healthcare,html/tsm-insurance/wip/index.html,TSM · Insurance Claims WIP,5,0,denial leakage; revenue-cycle backlog; appeal prioritization; documentation gaps; operational exceptions,Denial Recovery Report; Revenue Leakage Report; Appeal Priority Queue; Executive Revenue-Cycle Brief
P0,100,healthcare,html/tsm-marketing-platform.html,TSM Consultz — Time Sensitive Matters,5,0,denial leakage; revenue-cycle backlog; appeal prioritization; documentation gaps; operational exceptions,Denial Recovery Report; Revenue Leakage Report; Appeal Priority Queue; Executive Revenue-Cycle Brief
P0,100,bpo,html/war-rooms/bpo-war/bpo-executive-portal.html,TSM · BPO Executive Portal,5,0,processing backlog; SLA misses; quality variance; manual processing; client reporting burden,SLA Performance Report; Processing Exception Report; Quality/Throughput Report; Client Executive Brief
P0,100,bpo,html/war-rooms/bpo-war/bpo-strategist.html,TSM · BPO Decision Intelligence,5,0,processing backlog; SLA misses; quality variance; manual processing; client reporting burden,SLA Performance Report; Processing Exception Report; Quality/Throughput Report; Client Executive Brief
P0,100,construction,html/war-rooms/construct-war/construction-executive-portal.html,TSM Construction Executive Portal,5,0,project cost leakage; permit delays; change-order exposure; billing/WIP backlog; field-office disconnect,Project Risk Report; WIP & Billing Report; Permit/Proposal Exception Report; Executive Project Brief
P0,100,mortgage,html/war-rooms/mortgage/mortgage-war-room.html,TSM Mortgage Command Center,5,0,pipeline bottlenecks; documentation exceptions; underwriting risk; closing delays; loan fallout,Loan Pipeline Risk Report; Underwriting Exception Report; Closing Readiness Report; Executive Mortgage Brief
P0,100,general,html/war-rooms/music-war/how-to-guide.html,Music Command Center — How To Guide,5,0,manual work; workflow fragmentation; decision delays; reporting burden; limited executive visibility,Exception Report; Workflow Performance Report; Decision Brief; Executive Operations Report
P0,100,general,html/war-rooms/pm-copilot/pm-strategist.html,TSM &middot; PM Copilot Strategist,5,0,manual work; workflow fragmentation; decision delays; reporting burden; limited executive visibility,Exception Report; Workflow Performance Report; Decision Brief; Executive Operations Report
P0,100,mortgage,html/war-rooms/re-war/re-exec-portal.html,TSM · RE EXEC PORTAL,5,0,pipeline bottlenecks; documentation exceptions; underwriting risk; closing delays; loan fallout,Loan Pipeline Risk Report; Underwriting Exception Report; Closing Readiness Report; Executive Mortgage Brief
P0,100,construction,html/zero-trust/index.html,TSM Zero-Trust | Enterprise Access Command,5,0,project cost leakage; permit delays; change-order exposure; billing/WIP backlog; field-office disconnect,Project Risk Report; WIP & Billing Report; Permit/Proposal Exception Report; Executive Project Brief
P0,100,healthcare,html/bpo-files/tsm-staffing-intelligence.html,TSM · Staffing Intelligence Platform,4,0,denial leakage; revenue-cycle backlog; appeal prioritization; documentation gaps; operational exceptions,Denial Recovery Report; Revenue Leakage Report; Appeal Priority Queue; Executive Revenue-Cycle Brief
P0,100,construction,html/construction-suite/construction-scenarios.html,Construction Operational Scenarios · TSM Academy,4,0,project cost leakage; permit delays; change-order exposure; billing/WIP backlog; field-office disconnect,Project Risk Report; WIP & Billing Report; Permit/Proposal Exception Report; Executive Project Brief
P0,100,construction,html/construction-suite/doc-showcase2.html,Document Hub — Construction Suite,4,0,project cost leakage; permit delays; change-order exposure; billing/WIP backlog; field-office disconnect,Project Risk Report; WIP & Billing Report; Permit/Proposal Exception Report; Executive Project Brief
P0,100,healthcare,html/dignity-exec-presentation.html,TSM Intelligence · Dignity Health Executive Brief,4,0,denial leakage; revenue-cycle backlog; appeal prioritization; documentation gaps; operational exceptions,Denial Recovery Report; Revenue Leakage Report; Appeal Priority Queue; Executive Revenue-Cycle Brief
P0,100,healthcare,html/finops-suite/finops-scenarios.html,FinOps Scenario Engine · TSM Academy,4,0,denial leakage; revenue-cycle backlog; appeal prioritization; documentation gaps; operational exceptions,Denial Recovery Report; Revenue Leakage Report; Appeal Priority Queue; Executive Revenue-Cycle Brief
P0,100,finops,html/finops-suite/finops-war/finops-executive-portal.html,FinOps Executive Portal · TSM,4,0,financial leakage; invoice exceptions; close-cycle delays; spend visibility; audit exposure,Financial Exception Report; Spend/Leakage Report; Close Readiness Report; Executive Finance Brief
P0,100,finops,html/finops-suite/tsm-rcm-os.html,TSM RCM OS — Reconciliation Command Center,4,0,financial leakage; invoice exceptions; close-cycle delays; spend visibility; audit exposure,Financial Exception Report; Spend/Leakage Report; Close Readiness Report; Executive Finance Brief
P0,100,healthcare,html/ins-presentation/index.html,TSM · Insurance Intelligence Suite · Live Executive Demo,4,0,denial leakage; revenue-cycle backlog; appeal prioritization; documentation gaps; operational exceptions,Denial Recovery Report; Revenue Leakage Report; Appeal Priority Queue; Executive Revenue-Cycle Brief
P0,100,finops,html/inty-power-finops-presentation.html,TSM FinOps · Inty Power Staff Accountant,4,0,financial leakage; invoice exceptions; close-cycle delays; spend visibility; audit exposure,Financial Exception Report; Spend/Leakage Report; Close Readiness Report; Executive Finance Brief
P0,100,finops,html/inty-power-finops-presentation/index.html,TSM FinOps · Inty Power Staff Accountant,4,0,financial leakage; invoice exceptions; close-cycle delays; spend visibility; audit exposure,Financial Exception Report; Spend/Leakage Report; Close Readiness Report; Executive Finance Brief
P0,100,legal,html/legal-main-strategist.html,TSM · Case Strategist · Legal-Pro,4,0,matter backlog; deadline risk; document review burden; compliance exposure; case prioritization,Matter Risk Report; Deadline/Exception Report; Document Intelligence Brief; Executive Legal Brief
P0,100,legal,html/legal-pro/legal-compliance.html,Legal Compliance · TSM Legal-Pro,4,0,matter backlog; deadline risk; document review burden; compliance exposure; case prioritization,Matter Risk Report; Deadline/Exception Report; Document Intelligence Brief; Executive Legal Brief
P0,100,general,html/sentinel-center.html,TSM Sentinel Strategist Center,4,0,manual work; workflow fragmentation; decision delays; reporting burden; limited executive visibility,Exception Report; Workflow Performance Report; Decision Brief; Executive Operations Report
P0,100,insurance,html/tsm-insurance/ins-intel.html,TSM · Insurance Intelligence Hub,4,0,claims leakage; compliance exposure; agent productivity; underwriting risk; appeal/claim backlog,Claims Risk Report; Compliance Exception Report; Underwriting Risk Report; Executive Insurance Brief
P0,100,healthcare,html/war-rooms/bpo-war/bpo-demo-presentation.html,TSM &middot; BPO / Supply Chain &middot; Demo Presentation,4,0,denial leakage; revenue-cycle backlog; appeal prioritization; documentation gaps; operational exceptions,Denial Recovery Report; Revenue Leakage Report; Appeal Priority Queue; Executive Revenue-Cycle Brief
P0,100,general,html/war-rooms/governance/governance-executive-portal.html,TSM &middot; Governance & Risk Executive Portal,4,0,manual work; workflow fragmentation; decision delays; reporting burden; limited executive visibility,Exception Report; Workflow Performance Report; Decision Brief; Executive Operations Report
P0,100,legal,html/war-rooms/governance/governance-war-room.html,TSM Governance & Compliance,4,0,matter backlog; deadline risk; document review burden; compliance exposure; case prioritization,Matter Risk Report; Deadline/Exception Report; Document Intelligence Brief; Executive Legal Brief
P0,100,insurance,html/war-rooms/insure-war/insurance-executive-portal.html,Insurance Executive Portal · TSM,4,0,claims leakage; compliance exposure; agent productivity; underwriting risk; appeal/claim backlog,Claims Risk Report; Compliance Exception Report; Underwriting Risk Report; Executive Insurance Brief
P0,100,legal,html/war-rooms/legal-war/legal-executive-portal.html,TSM · Chief Strategist · Executive Portal,4,0,matter backlog; deadline risk; document review burden; compliance exposure; case prioritization,Matter Risk Report; Deadline/Exception Report; Document Intelligence Brief; Executive Legal Brief
P0,100,legal,html/war-rooms/legal-war/legal-main-strategist.html,TSM · Case Strategist · Legal-Pro,4,0,matter backlog; deadline risk; document review burden; compliance exposure; case prioritization,Matter Risk Report; Deadline/Exception Report; Document Intelligence Brief; Executive Legal Brief
P0,100,general,html/war-rooms/mdm/mdm-strategist.html,TSM MDM Strategist,4,0,manual work; workflow fragmentation; decision delays; reporting burden; limited executive visibility,Exception Report; Workflow Performance Report; Decision Brief; Executive Operations Report
P0,100,general,html/war-rooms/mdm/mdm-war-room.html,TSM MDM War Room,4,0,manual work; workflow fragmentation; decision delays; reporting burden; limited executive visibility,Exception Report; Workflow Performance Report; Decision Brief; Executive Operations Report
P0,100,healthcare,html/demo/presentation-hub.html,TSM Deck Archive,3,0,denial leakage; revenue-cycle backlog; appeal prioritization; documentation gaps; operational exceptions,Denial Recovery Report; Revenue Leakage Report; Appeal Priority Queue; Executive Revenue-Cycle Brief
P0,100,healthcare,html/demo/presentations/career-demo-presentation.html,TSM &middot; Career Training Platform &middot; Demo Presentation,3,0,denial leakage; revenue-cycle backlog; appeal prioritization; documentation gaps; operational exceptions,Denial Recovery Report; Revenue Leakage Report; Appeal Priority Queue; Executive Revenue-Cycle Brief
P0,100,construction,html/finops-suite/tsm-presentation.html,TSM · FinOps Suite · Executive Presentation,3,0,project cost leakage; permit delays; change-order exposure; billing/WIP backlog; field-office disconnect,Project Risk Report; WIP & Billing Report; Permit/Proposal Exception Report; Executive Project Brief
P0,100,healthcare,html/hc-demo-flow.html,HC Presentation Flow · Tomorrow's Demo,3,0,denial leakage; revenue-cycle backlog; appeal prioritization; documentation gaps; operational exceptions,Denial Recovery Report; Revenue Leakage Report; Appeal Priority Queue; Executive Revenue-Cycle Brief
P0,100,healthcare,html/healthcare-demo-script.html,Healthcare RCM WIP — Live Demo Script,3,0,denial leakage; revenue-cycle backlog; appeal prioritization; documentation gaps; operational exceptions,Denial Recovery Report; Revenue Leakage Report; Appeal Priority Queue; Executive Revenue-Cycle Brief
P0,100,healthcare,html/healthcare/hc-academy/crcc-scenarios.html,CRCR Operational Scenarios · TSM Academy,3,0,denial leakage; revenue-cycle backlog; appeal prioritization; documentation gaps; operational exceptions,Denial Recovery Report; Revenue Leakage Report; Appeal Priority Queue; Executive Revenue-Cycle Brief
P0,100,healthcare,html/healthcare/hc-academy/crcr-scenarios.html,CRCR Operational Scenarios · TSM Academy,3,0,denial leakage; revenue-cycle backlog; appeal prioritization; documentation gaps; operational exceptions,Denial Recovery Report; Revenue Leakage Report; Appeal Priority Queue; Executive Revenue-Cycle Brief
P0,100,mortgage,html/reo-pro/re-guide.html,TSM // RE PLATFORM GUIDE,3,0,pipeline bottlenecks; documentation exceptions; underwriting risk; closing delays; loan fallout,Loan Pipeline Risk Report; Underwriting Exception Report; Closing Readiness Report; Executive Mortgage Brief
P0,100,insurance,html/tsm-demo-playbook.html,TSM DEMO PLAYBOOK — Tier 1 + Tier 2,3,0,claims leakage; compliance exposure; agent productivity; underwriting risk; appeal/claim backlog,Claims Risk Report; Compliance Exception Report; Underwriting Risk Report; Executive Insurance Brief
P0,100,healthcare,html/tsm-how-to-guide.html,TSM · How To Use the War Room Suite,3,0,denial leakage; revenue-cycle backlog; appeal prioritization; documentation gaps; operational exceptions,Denial Recovery Report; Revenue Leakage Report; Appeal Priority Queue; Executive Revenue-Cycle Brief
P0,100,general,html/war-rooms/governance/governance-strategist.html,TSM &middot; Governance & Risk Strategist,3,0,manual work; workflow fragmentation; decision delays; reporting burden; limited executive visibility,Exception Report; Workflow Performance Report; Decision Brief; Executive Operations Report
P0,100,healthcare,html/banner-health-demo.html,Banner Health — Operational Intelligence + FinOps Pro Demo,2,0,denial leakage; revenue-cycle backlog; appeal prioritization; documentation gaps; operational exceptions,Denial Recovery Report; Revenue Leakage Report; Appeal Priority Queue; Executive Revenue-Cycle Brief
P0,100,healthcare,html/bnca-gtm-hc.html,BNCA Healthcare GTM Study Page · TSM Command Mode,2,0,denial leakage; revenue-cycle backlog; appeal prioritization; documentation gaps; operational exceptions,Denial Recovery Report; Revenue Leakage Report; Appeal Priority Queue; Executive Revenue-Cycle Brief
P0,100,healthcare,html/construction-demo-presentation.html,TSM &middot; Construction &middot; Demo Presentation,2,0,denial leakage; revenue-cycle backlog; appeal prioritization; documentation gaps; operational exceptions,Denial Recovery Report; Revenue Leakage Report; Appeal Priority Queue; Executive Revenue-Cycle Brief
P0,100,construction,html/construction-suite/how-to.html,Construction Suite · How To Guide · TSM,2,0,project cost leakage; permit delays; change-order exposure; billing/WIP backlog; field-office disconnect,Project Risk Report; WIP & Billing Report; Permit/Proposal Exception Report; Executive Project Brief
P0,100,healthcare,html/finops-suite/how-to-finops-updated.html,FinOps Suite — How To Guide,2,0,denial leakage; revenue-cycle backlog; appeal prioritization; documentation gaps; operational exceptions,Denial Recovery Report; Revenue Leakage Report; Appeal Priority Queue; Executive Revenue-Cycle Brief
P0,100,healthcare,html/finops-suite/how-to-finops.html,FinOps Suite — How To Guide,2,0,denial leakage; revenue-cycle backlog; appeal prioritization; documentation gaps; operational exceptions,Denial Recovery Report; Revenue Leakage Report; Appeal Priority Queue; Executive Revenue-Cycle Brief
P0,100,legal,html/finops-suite/how-to.html,FinOps Suite · How To Guide · TSM,2,0,matter backlog; deadline risk; document review burden; compliance exposure; case prioritization,Matter Risk Report; Deadline/Exception Report; Document Intelligence Brief; Executive Legal Brief
P0,100,healthcare,html/ghs_onepager.html,GHS Healthcare Command Suite — One Pager,2,0,denial leakage; revenue-cycle backlog; appeal prioritization; documentation gaps; operational exceptions,Denial Recovery Report; Revenue Leakage Report; Appeal Priority Queue; Executive Revenue-Cycle Brief
P0,100,healthcare,html/go-to-market.html,BNCA Healthcare GTM Study Page · TSM Command Mode,2,0,denial leakage; revenue-cycle backlog; appeal prioritization; documentation gaps; operational exceptions,Denial Recovery Report; Revenue Leakage Report; Appeal Priority Queue; Executive Revenue-Cycle Brief
P0,100,finops,html/inty-finops-offer/index.html,TSM Financial Operations Layer · Inty Power,2,0,financial leakage; invoice exceptions; close-cycle delays; spend visibility; audit exposure,Financial Exception Report; Spend/Leakage Report; Close Readiness Report; Executive Finance Brief
P0,100,bpo,html/l1-copilot/tsm-itops-demo-presentation.html,TSM // IT Ops Suite — Virtual Ecosystem Demo,2,0,processing backlog; SLA misses; quality variance; manual processing; client reporting burden,SLA Performance Report; Processing Exception Report; Quality/Throughput Report; Client Executive Brief
P0,100,healthcare,html/tsm-career-os-guide.html,TSM Career OS — User Guide,2,0,denial leakage; revenue-cycle backlog; appeal prioritization; documentation gaps; operational exceptions,Denial Recovery Report; Revenue Leakage Report; Appeal Priority Queue; Executive Revenue-Cycle Brief
P0,100,healthcare,html/tsm-landing.html,TSM — Total Solution Management,2,0,denial leakage; revenue-cycle backlog; appeal prioritization; documentation gaps; operational exceptions,Denial Recovery Report; Revenue Leakage Report; Appeal Priority Queue; Executive Revenue-Cycle Brief
P0,100,healthcare,html/tsm-strategy.html,TSM Matter — Master Strategy <title>TSM Matter — Master Strategy & RRD Pitch,2,0,denial leakage; revenue-cycle backlog; appeal prioritization; documentation gaps; operational exceptions,Denial Recovery Report; Revenue Leakage Report; Appeal Priority Queue; Executive Revenue-Cycle Brief
P0,100,healthcare,html/TSM_Shell_Honeywell_TalkTrack_30min.html,TSM Shell · Honeywell Pitch · 30-Min Talk Track,1,0,denial leakage; revenue-cycle backlog; appeal prioritization; documentation gaps; operational exceptions,Denial Recovery Report; Revenue Leakage Report; Appeal Priority Queue; Executive Revenue-Cycle Brief
P0,100,construction,html/construction-suite/construct-pitch.html,TSM · Construction Suite,1,0,project cost leakage; permit delays; change-order exposure; billing/WIP backlog; field-office disconnect,Project Risk Report; WIP & Billing Report; Permit/Proposal Exception Report; Executive Project Brief
P0,100,healthcare,html/finops-suite/finops-presentation.html,TSM · FinOps Suite,1,0,denial leakage; revenue-cycle backlog; appeal prioritization; documentation gaps; operational exceptions,Denial Recovery Report; Revenue Leakage Report; Appeal Priority Queue; Executive Revenue-Cycle Brief
P0,100,healthcare,html/finops-suite/finops-presentation/index.html,TSM · FinOps Suite,1,0,denial leakage; revenue-cycle backlog; appeal prioritization; documentation gaps; operational exceptions,Denial Recovery Report; Revenue Leakage Report; Appeal Priority Queue; Executive Revenue-Cycle Brief
P0,100,healthcare,html/finops-suite/study-guide.html,TSM Platform Guide · How To Use Everything,1,0,denial leakage; revenue-cycle backlog; appeal prioritization; documentation gaps; operational exceptions,Denial Recovery Report; Revenue Leakage Report; Appeal Priority Queue; Executive Revenue-Cycle Brief
P0,100,construction,html/finops-suite/tsm-rcm-os-howto.html,TSM RCM OS — How-To Guide,1,0,project cost leakage; permit delays; change-order exposure; billing/WIP backlog; field-office disconnect,Project Risk Report; WIP & Billing Report; Permit/Proposal Exception Report; Executive Project Brief
P0,100,healthcare,html/hc-demo-presentation.html,TSM &middot; Healthcare &middot; Demo Presentation,1,0,denial leakage; revenue-cycle backlog; appeal prioritization; documentation gaps; operational exceptions,Denial Recovery Report; Revenue Leakage Report; Appeal Priority Queue; Executive Revenue-Cycle Brief
P0,100,healthcare,html/honorhealth-revenue-leak-snapshot.html,HonorHealth — Revenue Leak Snapshot | TSM Consultz,1,0,denial leakage; revenue-cycle backlog; appeal prioritization; documentation gaps; operational exceptions,Denial Recovery Report; Revenue Leakage Report; Appeal Priority Queue; Executive Revenue-Cycle Brief
P0,100,real_estate,html/hotelops/hotelops-howto.html,GID | HotelOps — How-To Guide,1,0,property operational leakage; maintenance backlog; vendor performance; turnover delays; portfolio visibility,Property Operations Report; Maintenance Exception Report; Vendor Performance Report; Portfolio Executive Brief
P0,100,healthcare,html/legal-demo-presentation.html,TSM &middot; Legal &middot; Demo Presentation,1,0,denial leakage; revenue-cycle backlog; appeal prioritization; documentation gaps; operational exceptions,Denial Recovery Report; Revenue Leakage Report; Appeal Priority Queue; Executive Revenue-Cycle Brief
P0,100,mortgage,html/mortgage-demo-presentation.html,TSM &middot; Mortgage &middot; Demo Presentation,1,0,pipeline bottlenecks; documentation exceptions; underwriting risk; closing delays; loan fallout,Loan Pipeline Risk Report; Underwriting Exception Report; Closing Readiness Report; Executive Mortgage Brief
P0,100,mortgage,html/real-estate-demo-presentation.html,TSM &middot; Real Estate &middot; Demo Presentation,1,0,pipeline bottlenecks; documentation exceptions; underwriting risk; closing delays; loan fallout,Loan Pipeline Risk Report; Underwriting Exception Report; Closing Readiness Report; Executive Mortgage Brief
P0,100,healthcare,html/sentinel-how-to.html,How To Use TSM Sentinel Strategist Center,1,0,denial leakage; revenue-cycle backlog; appeal prioritization; documentation gaps; operational exceptions,Denial Recovery Report; Revenue Leakage Report; Appeal Priority Queue; Executive Revenue-Cycle Brief
P0,100,healthcare,html/talktrack_expanded.html,TSM Consultz · Honeywell Pitch · Extended Enterprise Talk Track,1,0,denial leakage; revenue-cycle backlog; appeal prioritization; documentation gaps; operational exceptions,Denial Recovery Report; Revenue Leakage Report; Appeal Priority Queue; Executive Revenue-Cycle Brief
P0,100,real_estate,html/tsm-insurance/ins-presentation.html,TSM · Insurance Suite,1,0,property operational leakage; maintenance backlog; vendor performance; turnover delays; portfolio visibility,Property Operations Report; Maintenance Exception Report; Vendor Performance Report; Portfolio Executive Brief
P0,100,healthcare,html/tsm-insurance/tsm-demo-launcher.html,TSM · Demo Launcher,1,0,denial leakage; revenue-cycle backlog; appeal prioritization; documentation gaps; operational exceptions,Denial Recovery Report; Revenue Leakage Report; Appeal Priority Queue; Executive Revenue-Cycle Brief
P0,100,healthcare,html/tsm-operations-one-pager.html,TSM Shell — Operations One-Pager,1,0,denial leakage; revenue-cycle backlog; appeal prioritization; documentation gaps; operational exceptions,Denial Recovery Report; Revenue Leakage Report; Appeal Priority Queue; Executive Revenue-Cycle Brief
P0,100,healthcare,html/tsm-platform-hub.html,TSM-Consultz — Platform Hub,1,0,denial leakage; revenue-cycle backlog; appeal prioritization; documentation gaps; operational exceptions,Denial Recovery Report; Revenue Leakage Report; Appeal Priority Queue; Executive Revenue-Cycle Brief
P0,100,healthcare,html/tsm-solutions.html,TSM — Total Solution Management,1,0,denial leakage; revenue-cycle backlog; appeal prioritization; documentation gaps; operational exceptions,Denial Recovery Report; Revenue Leakage Report; Appeal Priority Queue; Executive Revenue-Cycle Brief
P0,100,healthcare,html/tsm-staffing-one-pager.html,TSM Shell — Staffing One-Pager,1,0,denial leakage; revenue-cycle backlog; appeal prioritization; documentation gaps; operational exceptions,Denial Recovery Report; Revenue Leakage Report; Appeal Priority Queue; Executive Revenue-Cycle Brief
P0,98,insurance,html/finops-suite/finance-index.html,TSM Financial Intelligence Pro,7,0,claims leakage; compliance exposure; agent productivity; underwriting risk; appeal/claim backlog,Claims Risk Report; Compliance Exception Report; Underwriting Risk Report; Executive Insurance Brief
P0,98,healthcare,html/tsm-insurance/insurance-portal.html,TSM Insurance Portal — Ingestion & Claims Dashboard,4,0,denial leakage; revenue-cycle backlog; appeal prioritization; documentation gaps; operational exceptions,Denial Recovery Report; Revenue Leakage Report; Appeal Priority Queue; Executive Revenue-Cycle Brief
P0,98,general,html/war-rooms/pm-copilot/pm-exec-portal.html,TSM &middot; PM Copilot Executive Portal,4,0,manual work; workflow fragmentation; decision delays; reporting burden; limited executive visibility,Exception Report; Workflow Performance Report; Decision Brief; Executive Operations Report
P0,98,itops,html/l1-copilot/noc/noc-executive-portal.html,TSM &middot; NOC Command Center Executive Portal,3,0,ticket backlog; incident response delays; SLA risk; endpoint/network troubleshooting; knowledge gaps,Incident Summary Report; Ticket/SLA Report; Root-Cause Report; Executive IT Operations Brief
P0,97,healthcare,html/executive-portal-live.html,TSM Executive Portal,2,0,denial leakage; revenue-cycle backlog; appeal prioritization; documentation gaps; operational exceptions,Denial Recovery Report; Revenue Leakage Report; Appeal Priority Queue; Executive Revenue-Cycle Brief
P0,97,healthcare,html/property-accountant-demo-presentation.html,TSM &middot; Property Accountant &middot; Demo Presentation,2,0,denial leakage; revenue-cycle backlog; appeal prioritization; documentation gaps; operational exceptions,Denial Recovery Report; Revenue Leakage Report; Appeal Priority Queue; Executive Revenue-Cycle Brief
P0,97,healthcare,html/bpo-service-delivery-system.html,TSM-Consultz — BPO Service Delivery System,1,0,denial leakage; revenue-cycle backlog; appeal prioritization; documentation gaps; operational exceptions,Denial Recovery Report; Revenue Leakage Report; Appeal Priority Queue; Executive Revenue-Cycle Brief
P0,95,general,html/war-rooms/music-war/presentation-live.html,ZY Music Command — Live Demo Presentation,6,0,manual work; workflow fragmentation; decision delays; reporting burden; limited executive visibility,Exception Report; Workflow Performance Report; Decision Brief; Executive Operations Report
P0,95,healthcare,html/tsm-insurance/insurance-suite-index.html,TSM · Insurance Suite · Command Index,1,0,denial leakage; revenue-cycle backlog; appeal prioritization; documentation gaps; operational exceptions,Denial Recovery Report; Revenue Leakage Report; Appeal Priority Queue; Executive Revenue-Cycle Brief
P0,94,hotel,html/concierge/concierge-executive-portal.html,TSM · Concierge Transport Executive Portal,5,0,maintenance response; guest-service coordination; occupancy/revenue leakage; vendor coordination; operational visibility,Hotel Operations Report; Maintenance Exception Report; Guest-Service Report; Executive Hotel Brief
P0,94,healthcare,html/pricing1.html,TSMatter · Pricing,5,0,denial leakage; revenue-cycle backlog; appeal prioritization; documentation gaps; operational exceptions,Denial Recovery Report; Revenue Leakage Report; Appeal Priority Queue; Executive Revenue-Cycle Brief
P0,94,healthcare,html/war-rooms/business-development/tsm-outreach-command-center.html,TSM Outreach Command Center,5,0,denial leakage; revenue-cycle backlog; appeal prioritization; documentation gaps; operational exceptions,Denial Recovery Report; Revenue Leakage Report; Appeal Priority Queue; Executive Revenue-Cycle Brief
P0,94,construction,html/war-rooms/tsm-wip-command-center.html,TSM SHELL · Execution &amp; WIP Command Center,5,0,project cost leakage; permit delays; change-order exposure; billing/WIP backlog; field-office disconnect,Project Risk Report; WIP & Billing Report; Permit/Proposal Exception Report; Executive Project Brief
P0,94,construction,html/construction-suite/presentation.html,TSM Construction Intelligence – Executive Demo,4,0,project cost leakage; permit delays; change-order exposure; billing/WIP backlog; field-office disconnect,Project Risk Report; WIP & Billing Report; Permit/Proposal Exception Report; Executive Project Brief
P0,94,insurance,html/ins-main-strategist/index.html,Insurance Main Strategist,4,0,claims leakage; compliance exposure; agent productivity; underwriting risk; appeal/claim backlog,Claims Risk Report; Compliance Exception Report; Underwriting Risk Report; Executive Insurance Brief
P0,94,mortgage,html/property-accountant/property-accountant-command.html,TSM Property Accountant Command,3,0,pipeline bottlenecks; documentation exceptions; underwriting risk; closing delays; loan fallout,Loan Pipeline Risk Report; Underwriting Exception Report; Closing Readiness Report; Executive Mortgage Brief
P0,93,healthcare,html/concierge-demo-presentation.html,TSM &middot; Concierge &middot; Demo Presentation,1,0,denial leakage; revenue-cycle backlog; appeal prioritization; documentation gaps; operational exceptions,Denial Recovery Report; Revenue Leakage Report; Appeal Priority Queue; Executive Revenue-Cycle Brief
P0,92,finops,html/finops-suite/copilot.html,TSM FinOps · Staff Accountant Copilot,7,0,financial leakage; invoice exceptions; close-cycle delays; spend visibility; audit exposure,Financial Exception Report; Spend/Leakage Report; Close Readiness Report; Executive Finance Brief
P0,92,healthcare,html/ep1.html,TSM Executive Portal v2,5,0,denial leakage; revenue-cycle backlog; appeal prioritization; documentation gaps; operational exceptions,Denial Recovery Report; Revenue Leakage Report; Appeal Priority Queue; Executive Revenue-Cycle Brief
P0,92,general,html/war-rooms/integration-hub/integration-hub.html,TSM Integration Hub,4,0,manual work; workflow fragmentation; decision delays; reporting burden; limited executive visibility,Exception Report; Workflow Performance Report; Decision Brief; Executive Operations Report
P0,92,general,html/war-rooms/digital-twin/digital-twin.html,TSM Enterprise Digital Twin,3,0,manual work; workflow fragmentation; decision delays; reporting burden; limited executive visibility,Exception Report; Workflow Performance Report; Decision Brief; Executive Operations Report
P0,90,legal,html/finops-suite/doc-analysis-tab1.html,TSM FinOps Intelligence · Document Processor,8,0,matter backlog; deadline risk; document review burden; compliance exposure; case prioritization,Matter Risk Report; Deadline/Exception Report; Document Intelligence Brief; Executive Legal Brief
P0,90,itops,html/l1-copilot/noc/noc-war-room.html,TSM NOC Command Center,8,0,ticket backlog; incident response delays; SLA risk; endpoint/network troubleshooting; knowledge gaps,Incident Summary Report; Ticket/SLA Report; Root-Cause Report; Executive IT Operations Brief
P0,90,healthcare,html/tsm-insurance/ins-tax.html,TSM · Insurance Tax Prep · Agent Intelligence,6,0,denial leakage; revenue-cycle backlog; appeal prioritization; documentation gaps; operational exceptions,Denial Recovery Report; Revenue Leakage Report; Appeal Priority Queue; Executive Revenue-Cycle Brief
P0,90,general,html/war-rooms/o2c/o2c-war-room.html,TSM Order-to-Cash War Room,5,0,manual work; workflow fragmentation; decision delays; reporting burden; limited executive visibility,Exception Report; Workflow Performance Report; Decision Brief; Executive Operations Report
P0,90,healthcare,html/tsm-collective-bnca.html,TSM Neural Core — Collective BNCA,4,0,denial leakage; revenue-cycle backlog; appeal prioritization; documentation gaps; operational exceptions,Denial Recovery Report; Revenue Leakage Report; Appeal Priority Queue; Executive Revenue-Cycle Brief
P0,90,mortgage,html/war-rooms/mortgage/mortgage-executive-portal.html,TSM &middot; Mortgage Command Center Executive Portal,4,0,pipeline bottlenecks; documentation exceptions; underwriting risk; closing delays; loan fallout,Loan Pipeline Risk Report; Underwriting Exception Report; Closing Readiness Report; Executive Mortgage Brief
P0,90,hotel,html/hotelops/hotelops-executive-portal.html,GID &middot; HotelOps Executive Portal,3,0,maintenance response; guest-service coordination; occupancy/revenue leakage; vendor coordination; operational visibility,Hotel Operations Report; Maintenance Exception Report; Guest-Service Report; Executive Hotel Brief
P0,90,mortgage,html/war-rooms/honeywell-executive-portal.html,TSM · Honeywell Executive,3,0,pipeline bottlenecks; documentation exceptions; underwriting risk; closing delays; loan fallout,Loan Pipeline Risk Report; Underwriting Exception Report; Closing Readiness Report; Executive Mortgage Brief
P0,90,schools,html/war-rooms/schools-command/schools-executive-portal.html,TSM &middot; Schools Command Center Executive Portal,3,0,grant compliance; documentation gaps; administrative backlog; vendor risk; operational exceptions,Compliance Exception Report; Grant/Documentation Risk Report; Operational Exception Report; Executive Schools Brief
P0,88,general,html/demo/tsm-demo-console.html,TSM Consultz — Live Relay Console,2,0,manual work; workflow fragmentation; decision delays; reporting burden; limited executive visibility,Exception Report; Workflow Performance Report; Decision Brief; Executive Operations Report
P0,87,general,html/war-rooms/music-war/release/marketing.html,ZY Music Command — AI Songwriting Decision Engine,5,0,manual work; workflow fragmentation; decision delays; reporting burden; limited executive visibility,Exception Report; Workflow Performance Report; Decision Brief; Executive Operations Report
P0,87,bpo,html/war-rooms/honeywell-strategist.html,TSM · Honeywell Strategist,4,0,processing backlog; SLA misses; quality variance; manual processing; client reporting burden,SLA Performance Report; Processing Exception Report; Quality/Throughput Report; Client Executive Brief
P0,87,healthcare,html/tsm-staffing-readiness-demo.html,TSM — Staffing Readiness Command Center,3,0,denial leakage; revenue-cycle backlog; appeal prioritization; documentation gaps; operational exceptions,Denial Recovery Report; Revenue Leakage Report; Appeal Priority Queue; Executive Revenue-Cycle Brief
P0,87,healthcare,html/desert-pitch.html,TSM × Desert Financial — Strategic Partnership Proposal,2,0,denial leakage; revenue-cycle backlog; appeal prioritization; documentation gaps; operational exceptions,Denial Recovery Report; Revenue Leakage Report; Appeal Priority Queue; Executive Revenue-Cycle Brief
P0,87,healthcare,html/shared/tsm-ai-wiring-guide.html,TSMatter · AI Engine Wiring Guide,2,0,denial leakage; revenue-cycle backlog; appeal prioritization; documentation gaps; operational exceptions,Denial Recovery Report; Revenue Leakage Report; Appeal Priority Queue; Executive Revenue-Cycle Brief
P0,87,finops,html/finops-suite/rcm-os-presentation.html,TSM &middot; RCM OS &middot; Demo Presentation,1,0,financial leakage; invoice exceptions; close-cycle delays; spend visibility; audit exposure,Financial Exception Report; Spend/Leakage Report; Close Readiness Report; Executive Finance Brief
P0,87,healthcare,html/tsm-pitch.html,TSM — Total Solution Management,1,0,denial leakage; revenue-cycle backlog; appeal prioritization; documentation gaps; operational exceptions,Denial Recovery Report; Revenue Leakage Report; Appeal Priority Queue; Executive Revenue-Cycle Brief
P0,85,construction,html/tsm-hub-index.html,TSM Hub,6,0,project cost leakage; permit delays; change-order exposure; billing/WIP backlog; field-office disconnect,Project Risk Report; WIP & Billing Report; Permit/Proposal Exception Report; Executive Project Brief
P0,85,legal,html/war-rooms/music-war/release/release-center.html,Release Center · Sweet Music™ OS,6,0,matter backlog; deadline risk; document review burden; compliance exposure; case prioritization,Matter Risk Report; Deadline/Exception Report; Document Intelligence Brief; Executive Legal Brief
P0,85,healthcare,html/healthcare/hc-academy/hc-anomaly-advisor.html,Anomaly Advisor · Full Report · TSM Healthcare,4,0,denial leakage; revenue-cycle backlog; appeal prioritization; documentation gaps; operational exceptions,Denial Recovery Report; Revenue Leakage Report; Appeal Priority Queue; Executive Revenue-Cycle Brief
P0,84,healthcare,html/bpo-files/bpo-internal1.html,TSM BPO — Sector Workflow Hub,6,0,denial leakage; revenue-cycle backlog; appeal prioritization; documentation gaps; operational exceptions,Denial Recovery Report; Revenue Leakage Report; Appeal Priority Queue; Executive Revenue-Cycle Brief
P0,84,hotel,html/concierge-command.html,TSM | Concierge Command,6,0,maintenance response; guest-service coordination; occupancy/revenue leakage; vendor coordination; operational visibility,Hotel Operations Report; Maintenance Exception Report; Guest-Service Report; Executive Hotel Brief
P0,84,mortgage,html/reo-pro/mortgage/index.html,TSM | Mortgage Command,6,0,pipeline bottlenecks; documentation exceptions; underwriting risk; closing delays; loan fallout,Loan Pipeline Risk Report; Underwriting Exception Report; Closing Readiness Report; Executive Mortgage Brief
P0,83,itops,html/l1-copilot/noc/noc-strategist.html,TSM &middot; NOC Command Center Strategist,3,0,ticket backlog; incident response delays; SLA risk; endpoint/network troubleshooting; knowledge gaps,Incident Summary Report; Ticket/SLA Report; Root-Cause Report; Executive IT Operations Brief
P0,82,healthcare,html/war-rooms/approval/approval-war-room.html,TSM Enterprise Approval Center,6,0,denial leakage; revenue-cycle backlog; appeal prioritization; documentation gaps; operational exceptions,Denial Recovery Report; Revenue Leakage Report; Appeal Priority Queue; Executive Revenue-Cycle Brief
P0,82,general,html/war-rooms/cpq/cpq-war-room.html,TSM CPQ War Room,6,0,manual work; workflow fragmentation; decision delays; reporting burden; limited executive visibility,Exception Report; Workflow Performance Report; Decision Brief; Executive Operations Report
P0,82,healthcare,html/approval-war-room.html,TSM Enterprise Approval Center,5,0,denial leakage; revenue-cycle backlog; appeal prioritization; documentation gaps; operational exceptions,Denial Recovery Report; Revenue Leakage Report; Appeal Priority Queue; Executive Revenue-Cycle Brief
P0,82,construction,html/construction-suite/wip-billing/index.html,Construction WIP + Billing,5,0,project cost leakage; permit delays; change-order exposure; billing/WIP backlog; field-office disconnect,Project Risk Report; WIP & Billing Report; Permit/Proposal Exception Report; Executive Project Brief
P0,82,general,html/cpq-war-room.html,TSM CPQ War Room,5,0,manual work; workflow fragmentation; decision delays; reporting burden; limited executive visibility,Exception Report; Workflow Performance Report; Decision Brief; Executive Operations Report
P0,82,construction,html/finops-suite/wip-billing/index.html,TSM · FinOps WIP + Billing Intelligence,5,0,project cost leakage; permit delays; change-order exposure; billing/WIP backlog; field-office disconnect,Project Risk Report; WIP & Billing Report; Permit/Proposal Exception Report; Executive Project Brief
P0,82,healthcare,html/tsm-insurance/wip-billing/index.html,TSM · Insurance Premium Audit + Claims WIP,5,0,denial leakage; revenue-cycle backlog; appeal prioritization; documentation gaps; operational exceptions,Denial Recovery Report; Revenue Leakage Report; Appeal Priority Queue; Executive Revenue-Cycle Brief
P0,82,general,html/war-rooms/catalog/catalog-war-room.html,TSM Product Catalog War Room,5,0,manual work; workflow fragmentation; decision delays; reporting burden; limited executive visibility,Exception Report; Workflow Performance Report; Decision Brief; Executive Operations Report
P0,82,general,html/war-rooms/crm/crm-war-room.html,TSM CRM War Room,5,0,manual work; workflow fragmentation; decision delays; reporting burden; limited executive visibility,Exception Report; Workflow Performance Report; Decision Brief; Executive Operations Report
P0,82,general,html/catalog-war-room.html,TSM Product Catalog War Room,4,0,manual work; workflow fragmentation; decision delays; reporting burden; limited executive visibility,Exception Report; Workflow Performance Report; Decision Brief; Executive Operations Report
P0,80,healthcare,html/healthcare/suite-index.html,TSM · Healthcare Suite,7,0,denial leakage; revenue-cycle backlog; appeal prioritization; documentation gaps; operational exceptions,Denial Recovery Report; Revenue Leakage Report; Appeal Priority Queue; Executive Revenue-Cycle Brief
P0,80,construction,html/construction.html,Construction Operations Intelligence,6,0,project cost leakage; permit delays; change-order exposure; billing/WIP backlog; field-office disconnect,Project Risk Report; WIP & Billing Report; Permit/Proposal Exception Report; Executive Project Brief
P0,80,hotel,html/concierge/concierge-strategist.html,TSM · Concierge Transport Strategist,5,0,maintenance response; guest-service coordination; occupancy/revenue leakage; vendor coordination; operational visibility,Hotel Operations Report; Maintenance Exception Report; Guest-Service Report; Executive Hotel Brief
P0,80,construction,html/tsm-insurance/agents-ins.html,TSM Insurance Core - Broker & Agent Sync,4,0,project cost leakage; permit delays; change-order exposure; billing/WIP backlog; field-office disconnect,Project Risk Report; WIP & Billing Report; Permit/Proposal Exception Report; Executive Project Brief
P0,78,healthcare,html/doc-search.html,TSM Universal Intake · Document Router,8,0,denial leakage; revenue-cycle backlog; appeal prioritization; documentation gaps; operational exceptions,Denial Recovery Report; Revenue Leakage Report; Appeal Priority Queue; Executive Revenue-Cycle Brief
P0,78,general,html/sentinel-business-lab-demo.html,TSM Sentinel — Business Simulation Lab,6,0,manual work; workflow fragmentation; decision delays; reporting burden; limited executive visibility,Exception Report; Workflow Performance Report; Decision Brief; Executive Operations Report
P0,75,general,html/war-rooms/music-war/creation/song-builder.html,Song Builder · Sweet Music™ OS,7,0,manual work; workflow fragmentation; decision delays; reporting burden; limited executive visibility,Exception Report; Workflow Performance Report; Decision Brief; Executive Operations Report
P0,75,general,html/war-rooms/music-war/creation/beat-workbench.html,Beat Workbench · Sweet Music™ OS,5,0,manual work; workflow fragmentation; decision delays; reporting burden; limited executive visibility,Exception Report; Workflow Performance Report; Decision Brief; Executive Operations Report
P0,74,general,html/tsm-operational-os-executive.html,TSM Operational OS · Executive Command Center,5,0,manual work; workflow fragmentation; decision delays; reporting burden; limited executive visibility,Exception Report; Workflow Performance Report; Decision Brief; Executive Operations Report
P0,72,healthcare,html/healthcare/hc-academy/crc-hc-exam.html,TSM · Staff Accountant + CRCR Command,7,0,denial leakage; revenue-cycle backlog; appeal prioritization; documentation gaps; operational exceptions,Denial Recovery Report; Revenue Leakage Report; Appeal Priority Queue; Executive Revenue-Cycle Brief
P0,72,healthcare,html/healthcare/hc-academy/crc-hc-practice.html,TSM · Staff Accountant + CRCR Command,7,0,denial leakage; revenue-cycle backlog; appeal prioritization; documentation gaps; operational exceptions,Denial Recovery Report; Revenue Leakage Report; Appeal Priority Queue; Executive Revenue-Cycle Brief
P0,72,insurance,html/finops-suite/rcm-os-simulation.html,RCM-OS Simulation Lab,5,0,claims leakage; compliance exposure; agent productivity; underwriting risk; appeal/claim backlog,Claims Risk Report; Compliance Exception Report; Underwriting Risk Report; Executive Insurance Brief
P0,72,mortgage,html/reo-pro/pack-index.html,TSM Mortgage Rescue Pack Library,5,0,pipeline bottlenecks; documentation exceptions; underwriting risk; closing delays; loan fallout,Loan Pipeline Risk Report; Underwriting Exception Report; Closing Readiness Report; Executive Mortgage Brief
P0,70,healthcare,html/tsm-insurance/ahip.html,AHIP Certification Prep · TSM,5,0,denial leakage; revenue-cycle backlog; appeal prioritization; documentation gaps; operational exceptions,Denial Recovery Report; Revenue Leakage Report; Appeal Priority Queue; Executive Revenue-Cycle Brief
P0,68,healthcare,html/candidate-intake.html,TSM Healthcare Intelligence Academy,5,0,denial leakage; revenue-cycle backlog; appeal prioritization; documentation gaps; operational exceptions,Denial Recovery Report; Revenue Leakage Report; Appeal Priority Queue; Executive Revenue-Cycle Brief
P0,68,healthcare,html/healthcare/hc-academy/hc-academy.html,TSM Healthcare Intelligence Academy,5,0,denial leakage; revenue-cycle backlog; appeal prioritization; documentation gaps; operational exceptions,Denial Recovery Report; Revenue Leakage Report; Appeal Priority Queue; Executive Revenue-Cycle Brief
P0,65,real_estate,html/concierge/concierge-war-room.html,TSM · Concierge Transport War Room,7,0,property operational leakage; maintenance backlog; vendor performance; turnover delays; portfolio visibility,Property Operations Report; Maintenance Exception Report; Vendor Performance Report; Portfolio Executive Brief
P0,64,healthcare,html/dme.html,Medicare DME Benefits — What Medicare Pays For | TSM Matter,6,0,denial leakage; revenue-cycle backlog; appeal prioritization; documentation gaps; operational exceptions,Denial Recovery Report; Revenue Leakage Report; Appeal Priority Queue; Executive Revenue-Cycle Brief
P0,64,insurance,html/dme/index.html,Medicare DME Benefits — What Medicare Pays For | TSM Matter,5,0,claims leakage; compliance exposure; agent productivity; underwriting risk; appeal/claim backlog,Claims Risk Report; Compliance Exception Report; Underwriting Risk Report; Executive Insurance Brief
P0,64,insurance,html/doc1-search.html,TSM Document Search,5,0,claims leakage; compliance exposure; agent productivity; underwriting risk; appeal/claim backlog,Claims Risk Report; Compliance Exception Report; Underwriting Risk Report; Executive Insurance Brief
P0,62,real_estate,html/tsm-insurance/ce-study-prep.html,TSM CE Study Prep — Insurance Exam Preparation,6,0,property operational leakage; maintenance backlog; vendor performance; turnover delays; portfolio visibility,Property Operations Report; Maintenance Exception Report; Vendor Performance Report; Portfolio Executive Brief
P0,60,healthcare,html/finops-suite/crcr-study-mode.html,TSM · CRCR Study Mode · Healthcare Revenue Cycle,6,0,denial leakage; revenue-cycle backlog; appeal prioritization; documentation gaps; operational exceptions,Denial Recovery Report; Revenue Leakage Report; Appeal Priority Queue; Executive Revenue-Cycle Brief
P0,57,general,html/war-rooms/music-war/demo-conductor.html,TSM ZY Music Suite · Demo Conductor,6,0,manual work; workflow fragmentation; decision delays; reporting burden; limited executive visibility,Exception Report; Workflow Performance Report; Decision Brief; Executive Operations Report
P0,57,itops,html/l1-copilot/topology.html,topology,5,0,ticket backlog; incident response delays; SLA risk; endpoint/network troubleshooting; knowledge gaps,Incident Summary Report; Ticket/SLA Report; Root-Cause Report; Executive IT Operations Brief
P0,37,mortgage,html/reo-pro/pack-engine.html,TSM Pack Engine,6,0,pipeline bottlenecks; documentation exceptions; underwriting risk; closing delays; loan fallout,Loan Pipeline Risk Report; Underwriting Exception Report; Closing Readiness Report; Executive Mortgage Brief
P0,35,general,html/hub-index.html,TSM Hub,5,0,manual work; workflow fragmentation; decision delays; reporting burden; limited executive visibility,Exception Report; Workflow Performance Report; Decision Brief; Executive Operations Report
P0,33,general,html/tsm-member-command-center.html,TSM — Member Command Center,5,0,manual work; workflow fragmentation; decision delays; reporting burden; limited executive visibility,Exception Report; Workflow Performance Report; Decision Brief; Executive Operations Report
P0,23,general,html/hub-index-v4.html,TSM Hub,5,0,manual work; workflow fragmentation; decision delays; reporting burden; limited executive visibility,Exception Report; Workflow Performance Report; Decision Brief; Executive Operations Report
P0,23,general,html/hub/index.html,TSM Hub,5,0,manual work; workflow fragmentation; decision delays; reporting burden; limited executive visibility,Exception Report; Workflow Performance Report; Decision Brief; Executive Operations Report
P0,23,general,html/hub_index.html,TSM Hub,5,0,manual work; workflow fragmentation; decision delays; reporting burden; limited executive visibility,Exception Report; Workflow Performance Report; Decision Brief; Executive Operations Report
P0,23,general,html/hub_index_v2.html,TSM Hub,5,0,manual work; workflow fragmentation; decision delays; reporting burden; limited executive visibility,Exception Report; Workflow Performance Report; Decision Brief; Executive Operations Report
P0,23,general,html/hub_index_v3.html,TSM Hub,5,0,manual work; workflow fragmentation; decision delays; reporting burden; limited executive visibility,Exception Report; Workflow Performance Report; Decision Brief; Executive Operations Report
P0,15,general,html/wia.html,TSM Workforce Intelligence Academy,6,0,manual work; workflow fragmentation; decision delays; reporting burden; limited executive visibility,Exception Report; Workflow Performance Report; Decision Brief; Executive Operations Report
P0,15,general,html/login.html,TSM Login,5,0,manual work; workflow fragmentation; decision delays; reporting burden; limited executive visibility,Exception Report; Workflow Performance Report; Decision Brief; Executive Operations Report
P1,78,construction,html/construction-suite/showcase/index.html,🏗️ CONSTRUCTION COMMAND CENTER,1,0,project cost leakage; permit delays; change-order exposure; billing/WIP backlog; field-office disconnect,Project Risk Report; WIP & Billing Report; Permit/Proposal Exception Report; Executive Project Brief
P1,78,healthcare,html/demo-launcher.html,TSM · Demo Launcher,1,0,denial leakage; revenue-cycle backlog; appeal prioritization; documentation gaps; operational exceptions,Denial Recovery Report; Revenue Leakage Report; Appeal Priority Queue; Executive Revenue-Cycle Brief
P1,76,general,html/war-rooms/music-war/academy/daw-academy.html,DAW Academy · Sweet Music™ OS,4,0,manual work; workflow fragmentation; decision delays; reporting burden; limited executive visibility,Exception Report; Workflow Performance Report; Decision Brief; Executive Operations Report
P1,76,general,html/war-rooms/music-war/index.html,Sweet Music™ OS — TSM Music Command,1,0,manual work; workflow fragmentation; decision delays; reporting burden; limited executive visibility,Exception Report; Workflow Performance Report; Decision Brief; Executive Operations Report
P1,75,hotel,html/hotelops/hotelops-strategist.html,GID &middot; HotelOps Strategist,4,0,maintenance response; guest-service coordination; occupancy/revenue leakage; vendor coordination; operational visibility,Hotel Operations Report; Maintenance Exception Report; Guest-Service Report; Executive Hotel Brief
P1,75,general,html/war-rooms/approval/approval-executive-portal.html,TSM &middot; Approval Chain Executive Portal,4,0,manual work; workflow fragmentation; decision delays; reporting burden; limited executive visibility,Exception Report; Workflow Performance Report; Decision Brief; Executive Operations Report
P1,75,general,html/war-rooms/integration-hub/integration-hub-executive-portal.html,TSM &middot; Integration Hub Executive Portal,4,0,manual work; workflow fragmentation; decision delays; reporting burden; limited executive visibility,Exception Report; Workflow Performance Report; Decision Brief; Executive Operations Report
P1,75,mortgage,html/war-rooms/mortgage/mortgage-strategist.html,TSM &middot; Mortgage Command Center Strategist,4,0,pipeline bottlenecks; documentation exceptions; underwriting risk; closing delays; loan fallout,Loan Pipeline Risk Report; Underwriting Exception Report; Closing Readiness Report; Executive Mortgage Brief
P1,75,general,html/logistics/logistics-executive-portal.html,TSM &middot; Logistics Executive Portal,3,0,manual work; workflow fragmentation; decision delays; reporting burden; limited executive visibility,Exception Report; Workflow Performance Report; Decision Brief; Executive Operations Report
P1,75,general,html/logistics/logistics-strategist-v2.html,TSM &middot; Logistics Strategist,3,0,manual work; workflow fragmentation; decision delays; reporting burden; limited executive visibility,Exception Report; Workflow Performance Report; Decision Brief; Executive Operations Report
P1,75,bpo,html/supplier-vendor/supplier-vendor-executive-portal.html,TSM &middot; Supplier/Vendor Executive Portal,3,0,processing backlog; SLA misses; quality variance; manual processing; client reporting burden,SLA Performance Report; Processing Exception Report; Quality/Throughput Report; Client Executive Brief
P1,75,bpo,html/supplier-vendor/supplier-vendor-strategist-v2.html,TSM &middot; Supplier/Vendor Strategist,3,0,processing backlog; SLA misses; quality variance; manual processing; client reporting burden,SLA Performance Report; Processing Exception Report; Quality/Throughput Report; Client Executive Brief
P1,75,general,html/war-rooms/approval/approval-strategist.html,TSM &middot; Approval Chain Strategist,3,0,manual work; workflow fragmentation; decision delays; reporting burden; limited executive visibility,Exception Report; Workflow Performance Report; Decision Brief; Executive Operations Report
P1,75,general,html/war-rooms/catalog/catalog-executive-portal.html,TSM &middot; Product Catalog Executive Portal,3,0,manual work; workflow fragmentation; decision delays; reporting burden; limited executive visibility,Exception Report; Workflow Performance Report; Decision Brief; Executive Operations Report
P1,75,general,html/war-rooms/catalog/catalog-strategist.html,TSM &middot; Product Catalog Strategist,3,0,manual work; workflow fragmentation; decision delays; reporting burden; limited executive visibility,Exception Report; Workflow Performance Report; Decision Brief; Executive Operations Report
P1,75,general,html/war-rooms/cpq/cpq-executive-portal.html,TSM &middot; Configure Price Quote Executive Portal,3,0,manual work; workflow fragmentation; decision delays; reporting burden; limited executive visibility,Exception Report; Workflow Performance Report; Decision Brief; Executive Operations Report
P1,75,general,html/war-rooms/cpq/cpq-strategist.html,TSM &middot; Configure Price Quote Strategist,3,0,manual work; workflow fragmentation; decision delays; reporting burden; limited executive visibility,Exception Report; Workflow Performance Report; Decision Brief; Executive Operations Report
P1,75,general,html/war-rooms/crm/crm-executive-portal.html,TSM &middot; Customer Relationship Mgmt Executive Portal,3,0,manual work; workflow fragmentation; decision delays; reporting burden; limited executive visibility,Exception Report; Workflow Performance Report; Decision Brief; Executive Operations Report
P1,75,general,html/war-rooms/crm/crm-strategist.html,TSM &middot; Customer Relationship Mgmt Strategist,3,0,manual work; workflow fragmentation; decision delays; reporting burden; limited executive visibility,Exception Report; Workflow Performance Report; Decision Brief; Executive Operations Report
P1,75,general,html/war-rooms/digital-twin/digital-twin-executive-portal.html,TSM &middot; Digital Twin Executive Portal,3,0,manual work; workflow fragmentation; decision delays; reporting burden; limited executive visibility,Exception Report; Workflow Performance Report; Decision Brief; Executive Operations Report
P1,75,general,html/war-rooms/digital-twin/digital-twin-strategist.html,TSM &middot; Digital Twin Strategist,3,0,manual work; workflow fragmentation; decision delays; reporting burden; limited executive visibility,Exception Report; Workflow Performance Report; Decision Brief; Executive Operations Report
P1,75,general,html/war-rooms/integration-hub/integration-hub-strategist.html,TSM &middot; Integration Hub Strategist,3,0,manual work; workflow fragmentation; decision delays; reporting burden; limited executive visibility,Exception Report; Workflow Performance Report; Decision Brief; Executive Operations Report
P1,75,general,html/war-rooms/mdm/mdm-executive-portal.html,TSM &middot; Master Data Management Executive Portal,3,0,manual work; workflow fragmentation; decision delays; reporting burden; limited executive visibility,Exception Report; Workflow Performance Report; Decision Brief; Executive Operations Report
P1,75,general,html/war-rooms/o2c/o2c-executive-portal.html,TSM &middot; Order to Cash Executive Portal,3,0,manual work; workflow fragmentation; decision delays; reporting burden; limited executive visibility,Exception Report; Workflow Performance Report; Decision Brief; Executive Operations Report
P1,75,general,html/war-rooms/o2c/o2c-strategist.html,TSM &middot; Order to Cash Strategist,3,0,manual work; workflow fragmentation; decision delays; reporting burden; limited executive visibility,Exception Report; Workflow Performance Report; Decision Brief; Executive Operations Report
P1,75,schools,html/war-rooms/schools-command/schools-strategist.html,TSM &middot; Schools Command Center Strategist,3,0,grant compliance; documentation gaps; administrative backlog; vendor risk; operational exceptions,Compliance Exception Report; Grant/Documentation Risk Report; Operational Exception Report; Executive Schools Brief
P1,75,bpo,html/sap_phases_talktrack_section_v2.html,sap_phases_talktrack_section_v2,1,0,processing backlog; SLA misses; quality variance; manual processing; client reporting burden,SLA Performance Report; Processing Exception Report; Quality/Throughput Report; Client Executive Brief
P1,75,healthcare,html/tsm-consultz-landing-page.html,TSM — Intelligence Runtime Platform,1,0,denial leakage; revenue-cycle backlog; appeal prioritization; documentation gaps; operational exceptions,Denial Recovery Report; Revenue Leakage Report; Appeal Priority Queue; Executive Revenue-Cycle Brief
P1,74,healthcare,html/tsm-workforce-intelligence-command-center.html,TSM Workforce Intelligence & Operations Command Center,4,0,denial leakage; revenue-cycle backlog; appeal prioritization; documentation gaps; operational exceptions,Denial Recovery Report; Revenue Leakage Report; Appeal Priority Queue; Executive Revenue-Cycle Brief
P1,74,general,html/shared/tsm-mission-queue.html,TSM Mission Queue — Cross-Sector Exception Operations,3,0,manual work; workflow fragmentation; decision delays; reporting burden; limited executive visibility,Exception Report; Workflow Performance Report; Decision Brief; Executive Operations Report
P1,72,bpo,html/bpo-files/bpo-supervisor.html,BPO Supervisor Roster,4,0,processing backlog; SLA misses; quality variance; manual processing; client reporting burden,SLA Performance Report; Processing Exception Report; Quality/Throughput Report; Client Executive Brief
P1,69,general,html/tsm-app-rationalizer.html,TSM Shell · Portfolio Rationalizer,4,0,manual work; workflow fragmentation; decision delays; reporting burden; limited executive visibility,Exception Report; Workflow Performance Report; Decision Brief; Executive Operations Report
P1,66,general,html/client-portal.html,TSM Client Portal,4,0,manual work; workflow fragmentation; decision delays; reporting burden; limited executive visibility,Exception Report; Workflow Performance Report; Decision Brief; Executive Operations Report
P1,66,construction,html/construction-suite/tax-prep.html,Construction Tax Prep,4,0,project cost leakage; permit delays; change-order exposure; billing/WIP backlog; field-office disconnect,Project Risk Report; WIP & Billing Report; Permit/Proposal Exception Report; Executive Project Brief
P1,65,legal,html/legal-pro/legal-scenarios.html,Legal Scenarios · TSM Legal-Pro,4,0,matter backlog; deadline risk; document review burden; compliance exposure; case prioritization,Matter Risk Report; Deadline/Exception Report; Document Intelligence Brief; Executive Legal Brief
P1,65,itops,html/l1-copilot/servicenow-exam-sim.html,ServiceNow Timed Exam Sim · TSM Career Training,3,0,ticket backlog; incident response delays; SLA risk; endpoint/network troubleshooting; knowledge gaps,Incident Summary Report; Ticket/SLA Report; Root-Cause Report; Executive IT Operations Brief
P1,65,finops,html/finops-suite/working-capital-calculator.html,Working Capital Worksheet · TSM RCM OS,2,0,financial leakage; invoice exceptions; close-cycle delays; spend visibility; audit exposure,Financial Exception Report; Spend/Leakage Report; Close Readiness Report; Executive Finance Brief
P1,65,healthcare,html/bpo-files/suite-hub.html,TSM Suite Hub,1,0,denial leakage; revenue-cycle backlog; appeal prioritization; documentation gaps; operational exceptions,Denial Recovery Report; Revenue Leakage Report; Appeal Priority Queue; Executive Revenue-Cycle Brief
P1,65,construction,html/mission-executive-dashboard.html,TSM Enterprise Mission Dashboard,1,0,project cost leakage; permit delays; change-order exposure; billing/WIP backlog; field-office disconnect,Project Risk Report; WIP & Billing Report; Permit/Proposal Exception Report; Executive Project Brief
P1,65,real_estate,html/war-rooms/honeywell-howto.html,TSM | Honeywell — How-To Guide,0,0,property operational leakage; maintenance backlog; vendor performance; turnover delays; portfolio visibility,Property Operations Report; Maintenance Exception Report; Vendor Performance Report; Portfolio Executive Brief
P1,64,insurance,html/tsm-insurance/dme.html,Medicare DME Benefits — What Medicare Pays For | TSM Matter,4,0,claims leakage; compliance exposure; agent productivity; underwriting risk; appeal/claim backlog,Claims Risk Report; Compliance Exception Report; Underwriting Risk Report; Executive Insurance Brief
P1,64,real_estate,html/tsm-insurance/insurance-ce-command.html,TSM Insurance · CE Command,3,0,property operational leakage; maintenance backlog; vendor performance; turnover delays; portfolio visibility,Property Operations Report; Maintenance Exception Report; Vendor Performance Report; Portfolio Executive Brief
P1,60,itops,html/l1-copilot/aplus/aplus-practice.html,A+ Question Coach · TSM Career Training,4,0,ticket backlog; incident response delays; SLA risk; endpoint/network troubleshooting; knowledge gaps,Incident Summary Report; Ticket/SLA Report; Root-Cause Report; Executive IT Operations Brief
P1,60,healthcare,html/healthcare/hc-academy/tsm-hc-demo-trail.html,TSM Healthcare · PoC Demo Trail,3,0,denial leakage; revenue-cycle backlog; appeal prioritization; documentation gaps; operational exceptions,Denial Recovery Report; Revenue Leakage Report; Appeal Priority Queue; Executive Revenue-Cycle Brief
P1,60,itops,html/l1-copilot/aplus/aplus-pbq.html,A+ PBQ Simulation · TSM Career Training,3,0,ticket backlog; incident response delays; SLA risk; endpoint/network troubleshooting; knowledge gaps,Incident Summary Report; Ticket/SLA Report; Root-Cause Report; Executive IT Operations Brief
P1,55,mortgage,html/enterprise/enterprise-executive-portal.html,TSM &middot; Enterprise Executive Decision Portal,4,0,pipeline bottlenecks; documentation exceptions; underwriting risk; closing delays; loan fallout,Loan Pipeline Risk Report; Underwriting Exception Report; Closing Readiness Report; Executive Mortgage Brief
P1,55,healthcare,html/demo/inphusionsys-hub.html,InphusionSys — Multi-Vertical Demo Console,3,0,denial leakage; revenue-cycle backlog; appeal prioritization; documentation gaps; operational exceptions,Denial Recovery Report; Revenue Leakage Report; Appeal Priority Queue; Executive Revenue-Cycle Brief
P1,53,general,html/war-rooms/music-war/analytics.html,Analytics · Sweet Music™ OS,3,0,manual work; workflow fragmentation; decision delays; reporting burden; limited executive visibility,Exception Report; Workflow Performance Report; Decision Brief; Executive Operations Report
P1,50,legal,html/war-rooms/music-war/academy/music-business.html,Music Business Basics · Sweet Music™ OS,4,0,matter backlog; deadline risk; document review burden; compliance exposure; case prioritization,Matter Risk Report; Deadline/Exception Report; Document Intelligence Brief; Executive Legal Brief
P1,50,general,html/war-rooms/music-war/producer/mixing-coach.html,Mixing Coach · Sweet Music™ OS,4,0,manual work; workflow fragmentation; decision delays; reporting burden; limited executive visibility,Exception Report; Workflow Performance Report; Decision Brief; Executive Operations Report
P1,48,healthcare,html/bpo-files/bpo-scenarios-demo.html,TSM BPO Scenarios Demo — Competency Proof,3,0,denial leakage; revenue-cycle backlog; appeal prioritization; documentation gaps; operational exceptions,Denial Recovery Report; Revenue Leakage Report; Appeal Priority Queue; Executive Revenue-Cycle Brief
P1,47,itops,html/l1-copilot/l1-assistant-widget.html,l1-assistant-widget,4,0,ticket backlog; incident response delays; SLA risk; endpoint/network troubleshooting; knowledge gaps,Incident Summary Report; Ticket/SLA Report; Root-Cause Report; Executive IT Operations Brief
P1,47,general,html/war-rooms/music-war/cadence-builder.html,Cadence Studio · Sweet Music™ OS,4,0,manual work; workflow fragmentation; decision delays; reporting burden; limited executive visibility,Exception Report; Workflow Performance Report; Decision Brief; Executive Operations Report
P1,47,general,html/war-rooms/music-war/producer/producer-ai.html,Producer AI · Sweet Music™ OS,4,0,manual work; workflow fragmentation; decision delays; reporting burden; limited executive visibility,Exception Report; Workflow Performance Report; Decision Brief; Executive Operations Report
P1,47,general,html/war-rooms/music-war/producer/recording-coach.html,Recording Coach · Sweet Music™ OS,4,0,manual work; workflow fragmentation; decision delays; reporting burden; limited executive visibility,Exception Report; Workflow Performance Report; Decision Brief; Executive Operations Report
P1,45,itops,html/l1-copilot/aplus/aplus-learn.html,A+ Learn Mode · TSM Career Training,4,0,ticket backlog; incident response delays; SLA risk; endpoint/network troubleshooting; knowledge gaps,Incident Summary Report; Ticket/SLA Report; Root-Cause Report; Executive IT Operations Brief
P1,45,itops,html/l1-copilot/aplus/aplus-assessment.html,A+ Timed Assessment · TSM Career Training,3,0,ticket backlog; incident response delays; SLA risk; endpoint/network troubleshooting; knowledge gaps,Incident Summary Report; Ticket/SLA Report; Root-Cause Report; Executive IT Operations Brief
P1,45,itops,html/l1-copilot/aplus/aplus-interview.html,A+ Interview Mode · TSM Career Training,3,0,ticket backlog; incident response delays; SLA risk; endpoint/network troubleshooting; knowledge gaps,Incident Summary Report; Ticket/SLA Report; Root-Cause Report; Executive IT Operations Brief
P1,45,itops,html/l1-copilot/aplus/aplus-lab.html,A+ Troubleshooting Lab · TSM Career Training,3,0,ticket backlog; incident response delays; SLA risk; endpoint/network troubleshooting; knowledge gaps,Incident Summary Report; Ticket/SLA Report; Root-Cause Report; Executive IT Operations Brief
P1,43,general,html/war-rooms/music-war/academy/music-theory.html,Music Theory Basics · Sweet Music™ OS,4,0,manual work; workflow fragmentation; decision delays; reporting burden; limited executive visibility,Exception Report; Workflow Performance Report; Decision Brief; Executive Operations Report
P1,42,healthcare,html/healthcare/hc-academy/tsm_healthcare_academy.html,tsm_healthcare_academy,3,0,denial leakage; revenue-cycle backlog; appeal prioritization; documentation gaps; operational exceptions,Denial Recovery Report; Revenue Leakage Report; Appeal Priority Queue; Executive Revenue-Cycle Brief
P1,42,insurance,html/preview.html,TSM Exec Kit — Preview,1,0,claims leakage; compliance exposure; agent productivity; underwriting risk; appeal/claim backlog,Claims Risk Report; Compliance Exception Report; Underwriting Risk Report; Executive Insurance Brief
P1,41,itops,html/l1-copilot/noc/noc-asset-console.html,TSM NOC Asset Console,4,0,ticket backlog; incident response delays; SLA risk; endpoint/network troubleshooting; knowledge gaps,Incident Summary Report; Ticket/SLA Report; Root-Cause Report; Executive IT Operations Brief
P1,41,itops,html/l1-copilot/servicenow-scenarios.html,ServiceNow Scenario Engine · TSM Career Training,3,0,ticket backlog; incident response delays; SLA risk; endpoint/network troubleshooting; knowledge gaps,Incident Summary Report; Ticket/SLA Report; Root-Cause Report; Executive IT Operations Brief
P1,38,insurance,html/tsm-insurance/tsm-ins-demo-trail.html,TSM Insurance · PoC Demo Trail,3,0,claims leakage; compliance exposure; agent productivity; underwriting risk; appeal/claim backlog,Claims Risk Report; Compliance Exception Report; Underwriting Risk Report; Executive Insurance Brief
P1,38,general,html/war-rooms/music-war/producer-intel-panel.html,producer-intel-panel,2,0,manual work; workflow fragmentation; decision delays; reporting burden; limited executive visibility,Exception Report; Workflow Performance Report; Decision Brief; Executive Operations Report
P1,38,itops,html/l1-copilot/aplus/aplus-readiness.html,A+ Readiness Dashboard · TSM Career Training,1,0,ticket backlog; incident response delays; SLA risk; endpoint/network troubleshooting; knowledge gaps,Incident Summary Report; Ticket/SLA Report; Root-Cause Report; Executive IT Operations Brief
P1,36,mortgage,html/tsm-mortgage-demo.html,TSM Mortgage Command Center — Live Demo Walkthrough,2,0,pipeline bottlenecks; documentation exceptions; underwriting risk; closing delays; loan fallout,Loan Pipeline Risk Report; Underwriting Exception Report; Closing Readiness Report; Executive Mortgage Brief
P1,35,general,html/tsm-enterprise-operating-system.html,TSM Workforce Intelligence & Operations Command Center,4,0,manual work; workflow fragmentation; decision delays; reporting burden; limited executive visibility,Exception Report; Workflow Performance Report; Decision Brief; Executive Operations Report
P1,35,general,html/war-rooms/music-war/producer/mastering-coach.html,Mastering Coach · Sweet Music™ OS,4,0,manual work; workflow fragmentation; decision delays; reporting burden; limited executive visibility,Exception Report; Workflow Performance Report; Decision Brief; Executive Operations Report
P1,30,construction,html/construction-suite/construction-osha-exam-sim.html,OSHA 30 Exam Simulator · TSM Academy,4,0,project cost leakage; permit delays; change-order exposure; billing/WIP backlog; field-office disconnect,Project Risk Report; WIP & Billing Report; Permit/Proposal Exception Report; Executive Project Brief
P1,26,general,html/demo/presentations/career-training-presentation.html,Career Training Platform — Manager-Gated Certification Academy — TSM Demo,1,0,manual work; workflow fragmentation; decision delays; reporting burden; limited executive visibility,Exception Report; Workflow Performance Report; Decision Brief; Executive Operations Report
P1,26,itops,html/demo/presentations/l1-platform-presentation.html,L1 Ticket Copilot — Enterprise Command Center — TSM Demo,1,0,ticket backlog; incident response delays; SLA risk; endpoint/network troubleshooting; knowledge gaps,Incident Summary Report; Ticket/SLA Report; Root-Cause Report; Executive IT Operations Brief
P1,23,itops,html/l1-copilot/servicenow-fundamentals.html,ServiceNow ITSM Fundamentals · TSM Career Training,4,0,ticket backlog; incident response delays; SLA risk; endpoint/network troubleshooting; knowledge gaps,Incident Summary Report; Ticket/SLA Report; Root-Cause Report; Executive IT Operations Brief
P1,18,general,html/war-rooms/music-war/playback-banger.html,TSM Music Command - Amplified Studio,1,0,manual work; workflow fragmentation; decision delays; reporting burden; limited executive visibility,Exception Report; Workflow Performance Report; Decision Brief; Executive Operations Report
P1,17,general,html/executive-portal-v2.html,TSM Executive Portal v2,0,0,manual work; workflow fragmentation; decision delays; reporting burden; limited executive visibility,Exception Report; Workflow Performance Report; Decision Brief; Executive Operations Report
P1,8,general,html/pc-command/public/index.html,tsm-pc-command · TSM Platform,2,0,manual work; workflow fragmentation; decision delays; reporting burden; limited executive visibility,Exception Report; Workflow Performance Report; Decision Brief; Executive Operations Report
P1,8,mortgage,html/reo-pro/public/index.html,tsm-reo-pro · TSM Platform,2,0,pipeline bottlenecks; documentation exceptions; underwriting risk; closing delays; loan fallout,Loan Pipeline Risk Report; Underwriting Exception Report; Closing Readiness Report; Executive Mortgage Brief
P1,8,general,html/demo/presentations/rcm-os-presentation.html,RCM-OS — The Operating Cadence Engine — TSM Demo,1,0,manual work; workflow fragmentation; decision delays; reporting burden; limited executive visibility,Exception Report; Workflow Performance Report; Decision Brief; Executive Operations Report
P1,7,construction,html/demo/presentations/construction-presentation.html,Construction — Risk & Anomaly Command — TSM Demo,0,0,project cost leakage; permit delays; change-order exposure; billing/WIP backlog; field-office disconnect,Project Risk Report; WIP & Billing Report; Permit/Proposal Exception Report; Executive Project Brief
P1,7,healthcare,html/demo/presentations/property-revenue-presentation.html,Property Accounting — Revenue Cycle Close — TSM Demo,0,0,denial leakage; revenue-cycle backlog; appeal prioritization; documentation gaps; operational exceptions,Denial Recovery Report; Revenue Leakage Report; Appeal Priority Queue; Executive Revenue-Cycle Brief
P1,5,mortgage,html/demo/presentations/mortgage-presentation.html,Mortgage War Room — Loan Exception Command — TSM Demo,0,0,pipeline bottlenecks; documentation exceptions; underwriting risk; closing delays; loan fallout,Loan Pipeline Risk Report; Underwriting Exception Report; Closing Readiness Report; Executive Mortgage Brief
P1,5,legal,html/demo/presentations/realestate-presentation.html,Real Estate War Room — Compliance & Pipeline — TSM Demo,0,0,matter backlog; deadline risk; document review burden; compliance exposure; case prioritization,Matter Risk Report; Deadline/Exception Report; Document Intelligence Brief; Executive Legal Brief
P1,3,insurance,html/tsm-insurance/suite-index.html,Suite Index,0,0,claims leakage; compliance exposure; agent productivity; underwriting risk; appeal/claim backlog,Claims Risk Report; Compliance Exception Report; Underwriting Risk Report; Executive Insurance Brief
P1,2,finops,html/finops-suite/suite-index.html,Suite Index,0,0,financial leakage; invoice exceptions; close-cycle delays; spend visibility; audit exposure,Financial Exception Report; Spend/Leakage Report; Close Readiness Report; Executive Finance Brief
P1,0,construction,html/construction-suite/suite-index.html,Suite Index,0,0,project cost leakage; permit delays; change-order exposure; billing/WIP backlog; field-office disconnect,Project Risk Report; WIP & Billing Report; Permit/Proposal Exception Report; Executive Project Brief
P1,0,construction,html/construction-suite/tour-construction.html,tour-construction,0,0,project cost leakage; permit delays; change-order exposure; billing/WIP backlog; field-office disconnect,Project Risk Report; WIP & Billing Report; Permit/Proposal Exception Report; Executive Project Brief
P1,0,bpo,html/demo/presentations/bpo-presentation.html,BPO Service Delivery — Command Center — TSM Demo,0,0,processing backlog; SLA misses; quality variance; manual processing; client reporting burden,SLA Performance Report; Processing Exception Report; Quality/Throughput Report; Client Executive Brief
P1,0,construction,html/demo/presentations/construction-finance-presentation.html,Construction — Cash Flow & Liquidity Command — TSM Demo,0,0,project cost leakage; permit delays; change-order exposure; billing/WIP backlog; field-office disconnect,Project Risk Report; WIP & Billing Report; Permit/Proposal Exception Report; Executive Project Brief
P1,0,itops,html/demo/presentations/cyber-incident-presentation.html,Cyber Incident Command — TSM Demo,0,0,ticket backlog; incident response delays; SLA risk; endpoint/network troubleshooting; knowledge gaps,Incident Summary Report; Ticket/SLA Report; Root-Cause Report; Executive IT Operations Brief
P1,0,finops,html/demo/presentations/finops-presentation.html,FinOps War Room — AP/AR Command — TSM Demo,0,0,financial leakage; invoice exceptions; close-cycle delays; spend visibility; audit exposure,Financial Exception Report; Spend/Leakage Report; Close Readiness Report; Executive Finance Brief
P1,0,healthcare,html/demo/presentations/healthcare-presentation.html,Healthcare RCM — Denial Management — TSM Demo,0,0,denial leakage; revenue-cycle backlog; appeal prioritization; documentation gaps; operational exceptions,Denial Recovery Report; Revenue Leakage Report; Appeal Priority Queue; Executive Revenue-Cycle Brief
P1,0,hotel,html/demo/presentations/hotelops-presentation.html,Concierge Command — Hotel Operations — TSM Demo,0,0,maintenance response; guest-service coordination; occupancy/revenue leakage; vendor coordination; operational visibility,Hotel Operations Report; Maintenance Exception Report; Guest-Service Report; Executive Hotel Brief
P1,0,healthcare,html/demo/presentations/insurance-presentation.html,Insurance War Room — Claims & SIU — TSM Demo,0,0,denial leakage; revenue-cycle backlog; appeal prioritization; documentation gaps; operational exceptions,Denial Recovery Report; Revenue Leakage Report; Appeal Priority Queue; Executive Revenue-Cycle Brief
P1,0,legal,html/demo/presentations/legal-presentation.html,Legal War Room — Matter Intake & Escalation — TSM Demo,0,0,matter backlog; deadline risk; document review burden; compliance exposure; case prioritization,Matter Risk Report; Deadline/Exception Report; Document Intelligence Brief; Executive Legal Brief
P1,0,itops,html/demo/presentations/noc-presentation.html,NOC Command Center — L1 Copilot — TSM Demo,0,0,ticket backlog; incident response delays; SLA risk; endpoint/network troubleshooting; knowledge gaps,Incident Summary Report; Ticket/SLA Report; Root-Cause Report; Executive IT Operations Brief
P1,0,itops,html/demo/presentations/plant-incident-presentation.html,Plant / OT Incident Command — TSM Demo,0,0,ticket backlog; incident response delays; SLA risk; endpoint/network troubleshooting; knowledge gaps,Incident Summary Report; Ticket/SLA Report; Root-Cause Report; Executive IT Operations Brief
P1,0,real_estate,html/demo/presentations/pm-copilot-presentation.html,PM Copilot — Property Portfolio War Room — TSM Demo,0,0,property operational leakage; maintenance backlog; vendor performance; turnover delays; portfolio visibility,Property Operations Report; Maintenance Exception Report; Vendor Performance Report; Portfolio Executive Brief
P1,0,legal,html/demo/presentations/schools-presentation.html,Schools Command — Grant Compliance & Funding — TSM Demo,0,0,matter backlog; deadline risk; document review burden; compliance exposure; case prioritization,Matter Risk Report; Deadline/Exception Report; Document Intelligence Brief; Executive Legal Brief
P1,0,bpo,html/demo/presentations/supplier-shutdown-presentation.html,Supplier Shutdown / Disruption Command — TSM Demo,0,0,processing backlog; SLA misses; quality variance; manual processing; client reporting burden,SLA Performance Report; Processing Exception Report; Quality/Throughput Report; Client Executive Brief
P1,0,healthcare,html/healthcare-command.html,Healthcare Command,0,0,denial leakage; revenue-cycle backlog; appeal prioritization; documentation gaps; operational exceptions,Denial Recovery Report; Revenue Leakage Report; Appeal Priority Queue; Executive Revenue-Cycle Brief
P1,0,healthcare,html/healthcare-suite/suite-index.html,Suite Index,0,0,denial leakage; revenue-cycle backlog; appeal prioritization; documentation gaps; operational exceptions,Denial Recovery Report; Revenue Leakage Report; Appeal Priority Queue; Executive Revenue-Cycle Brief
P1,0,real_estate,html/property-accountant/index.html,TSM Property Accountant,0,0,property operational leakage; maintenance backlog; vendor performance; turnover delays; portfolio visibility,Property Operations Report; Maintenance Exception Report; Vendor Performance Report; Portfolio Executive Brief
P1,0,general,html/sweet-os/sweet-os.html,Sweet OS,0,0,manual work; workflow fragmentation; decision delays; reporting burden; limited executive visibility,Exception Report; Workflow Performance Report; Decision Brief; Executive Operations Report
